"Function","StudyName","Year","ShortTitle","TaskName","StudyNum","ObsNum","ExpMean","ExpSD","ExpN","CurrentPhe","ControlMean","ControlSD","ControlN","Reversed","InputDataSMD","Age","InputDataGlassDeltaSD","Tdiff","StudyFactor","CohensD","HedgesG","OriginalControlSD","SMD","GlassDelta","ScaledSESqr","Vdf","SmallSampCor","g","Vg","FunctionMean","FunctionSD","OutlierLowCut","OutlierHighCut","Outlier"
"Flexibility","Aitkenhead et al 2021",2021,"Letter fluency","Letter fluency S - N correct",1,1,NA,NA,150,908,NA,NA,76,NA,-0.44,1,0.97,-5.54,"Aitkenhead et al 2021",NA,NA,NA,NA,-0.44,NA,75,0.989966555183946,-0.435585284280936,0.97,-0.701107087209521,0.854160490481938,-2.83650831341437,1.43429413899532,0
"Flexibility","Aitkenhead et al 2021",2021,"Semantic fluency","Semantic fluency animals - N correct",1,2,NA,NA,150,908,NA,NA,76,NA,0.07,1,0.99,0.902,"Aitkenhead et al 2021",NA,NA,NA,NA,0.07,NA,75,0.989966555183946,0.0692976588628763,0.99,-0.701107087209521,0.854160490481938,-2.83650831341437,1.43429413899532,0
"Flexibility","Aitkenhead et al 2021",2021,"DKefs Card Sorting","DKefs Card Sorting",1,3,NA,NA,152,908,NA,NA,76,NA,-0.26,1,1,3.14,"Aitkenhead et al 2021",NA,NA,NA,NA,-0.26,NA,75,0.989966555183946,-0.257391304347826,1,-0.701107087209521,0.854160490481938,-2.83650831341437,1.43429413899532,0
"Flexibility","Aitkenhead et al 2021",2021,"Digit/symbol coding","Symbol-digit matching test",1,4,NA,NA,152,908,NA,NA,77,NA,-0.61,1,1.29,5.86,"Aitkenhead et al 2021",NA,NA,NA,NA,-0.61,NA,76,0.99009900990099,-0.603960396039604,1.29,-0.701107087209521,0.854160490481938,-2.83650831341437,1.43429413899532,0
"Flexibility","Channon et al 2004",2004,"Letter fluency","Letter fluency - N correct",2,5,8,1.6,20,859,9.8,2.5,20,-1,-0.68,2,NA,NA,"Channon et al 2004",-0.857629179370435,-0.840590189051817,2.5,-0.72,-0.72,0.07048,19,0.96,-0.6912,0.0830525642105263,-0.701107087209521,0.854160490481938,-2.83650831341437,1.43429413899532,0
"Flexibility","Channon et al 2005",2005,"Object Alternation-% correct","Object alternation learning  -  %  correct",3,6,66.5,15.8,25,759,67.6,16.7,25,-1,-0.07,2,NA,NA,"Channon et al 2005 on diet",-0.0676663672172461,-0.0666035446955092,16.7,-0.0658682634730536,-0.0658682634730536,0.0758047975904479,24,0.968421052631579,-0.0637882130475887,0.0758895670930271,-0.701107087209521,0.854160490481938,-2.83650831341437,1.43429413899532,0
"Flexibility","Channon et al 2005",2005,"Object Alternation-Speed","Object alternation learning - Speed per item (sec.)",3,7,0.9,0.3,25,759,0.8,0.4,25,1,-0.26,2,NA,NA,"Channon et al 2005 on diet",-0.282842712474619,-0.2784001567813,0.4,-0.25,-0.25,0.0625,24,0.968421052631579,-0.242105263157895,0.0637211449676824,-0.701107087209521,0.854160490481938,-2.83650831341437,1.43429413899532,0
"Flexibility","Channon et al 2007",2007,"Object Alternation-% correct","Object alternation learning  % correct off diet vs controls",4,8,60.2,17.8,25,1286,66,16.4,45,-1,-0.35,2,NA,NA,"Channon et al 2007 off diet",-0.343045867965483,-0.339248312231548,16.4,-0.353658536585366,-0.353658536585366,0.0693429836737392,44,0.982857142857143,-0.347595818815331,0.070715970642579,-0.701107087209521,0.854160490481938,-2.83650831341437,1.43429413899532,0
"Flexibility","Channon et al 2007",2007,"Object Alternation-Speed","Object alternation learning; off diet vs controls - Speed per item ",4,9,0.9,0.4,25,1286,0.8,16.4,45,1,-0.01,2,NA,NA,"Channon et al 2007 off diet",-0.00757903340211498,-0.00749513266334618,16.4,-0.00609756097560976,-0.00609756097560976,0.022246017582127,44,0.982857142857143,-0.00599303135888502,0.0222464257233187,-0.701107087209521,0.854160490481938,-2.83650831341437,1.43429413899532,0
"Flexibility","Moyle et al 2007",2007,"Letter fluency","Phonemic fluency - N correct",5,10,39,13.9,12,NA,41,11.1,12,-1,-0.17,1,NA,NA,"Moyle et al 2007",-0.159005823496169,-0.153522864065267,11.1,-0.18018018018018,-0.18018018018018,0.214011308605903,11,0.930232558139535,-0.167609469935051,0.215288260170081,-0.701107087209521,0.854160490481938,-2.83650831341437,1.43429413899532,0
"Flexibility","Moyle et al 2007",2007,"Semantic fluency","Semantic fluency - N correct",5,11,21,11.1,12,NA,23,3.8,12,-1,-0.51,1,NA,NA,"Moyle et al 2007",-0.241077614624744,-0.232764593430787,3.8,-0.526315789473684,-0.526315789473684,0.794379039704525,11,0.930232558139535,-0.489596083231334,0.805274690827955,-0.701107087209521,0.854160490481938,-2.83650831341437,1.43429413899532,0
"Flexibility","Moyle et al 2007",2007,"TMT; B-A - Time","Trail making B-A - Time (sec.)",5,12,40,35,12,NA,31,11.9,12,1,-0.73,1,NA,NA,"Moyle et al 2007",-0.344298563025233,-0.332426198782984,11.9,-0.756302521008403,-0.756302521008403,0.804209919261822,11,0.930232558139535,-0.703537228845026,0.82670831164232,-0.701107087209521,0.854160490481938,-2.83650831341437,1.43429413899532,0
"Flexibility","Nardecchia et al 2015",2015,"WCST- N perseverations","WCST - N perseverative responses",6,13,108.5,17.8,14,NA,105.9,9.7,14,1,-0.26,3,NA,NA,"Nardecchia et al 2015",-0.18138627484545,-0.176103179461602,9.7,-0.268041237113401,-0.268041237113401,0.31195815556534,13,0.941176470588235,-0.252274105518496,0.314405933423616,-0.701107087209521,0.854160490481938,-2.83650831341437,1.43429413899532,0
"Flexibility","Palermo et al 2017",2017,"Digit/symbol - % err","Digit symbol coding - % error",7,15,37.3,11.3,37,720,27.1,10.2,30,1,-0.99,1,NA,NA,"Palermo et al 2017;2020;De Felice et al 2018",-0.942432845899766,-0.931516635329498,10.2,-1,-1,0.0665040472998951,29,0.973913043478261,-0.973913043478261,0.0828576096491552,-0.701107087209521,0.854160490481938,-2.83650831341437,1.43429413899532,0
"Flexibility","Palermo et al 2017",2017,"Letter fluency ","Letter fluency - N correct",7,16,35.9,11.4,37,720,41.8,12.9,30,-1,-0.45,1,NA,NA,"Palermo et al 2017;2020;De Felice et al 2018",-0.487916151482867,-0.482264613048702,12.9,-0.457364341085271,-0.457364341085271,0.0544404328612008,29,0.973913043478261,-0.445433097404786,0.0578613060381598,-0.701107087209521,0.854160490481938,-2.83650831341437,1.43429413899532,0
"Flexibility","Palermo et al 2017",2017,"Semantic fluency ","Semantic fluency - N correct",7,17,21.4,6.2,37,720,25,5,30,-1,-0.71,1,NA,NA,"Palermo et al 2017;2020;De Felice et al 2018",-0.632029520849645,-0.624708715588839,5,-0.72,-0.72,0.0748900900900901,29,0.973913043478261,-0.701217391304348,0.0833677768119466,-0.701107087209521,0.854160490481938,-2.83650831341437,1.43429413899532,0
"Flexibility","Palermo et al 2017",2017,"TMT B-A - Time","Trail making - Difference B-A time (sec.)",7,18,19,10.8,37,720,20.7,13.3,30,1,0.13,1,NA,NA,"Palermo et al 2017;2020;De Felice et al 2018",0.141902989418521,0.140259325448422,13.3,0.12781954887218,0.12781954887218,0.0511547615227868,29,0.973913043478261,0.124485125858124,0.0514219433600267,-0.701107087209521,0.854160490481938,-2.83650831341437,1.43429413899532,0
"Flexibility","Palermo et al 2017",2017,"WCST- N categories - correct","WCST - N of completed categories",7,19,3.9,1.2,37,720,4.4,0.9,30,-1,-0.55,1,NA,NA,"Palermo et al 2017;2020;De Felice et al 2018",-0.464453990858427,-0.459074214902538,0.9,-0.555555555555556,-0.555555555555556,0.0813813813813814,29,0.973913043478261,-0.541062801932368,0.0864287771681901,-0.701107087209521,0.854160490481938,-2.83650831341437,1.43429413899532,0
"Flexibility","Palermo et al 2017",2017,"WCST- N perseverations","WCST -  N perseverative responses",7,20,8.1,5.1,37,720,6.8,4.4,30,1,-0.29,1,NA,NA,"Palermo et al 2017;2020;De Felice et al 2018",-0.270815250653738,-0.26767839446856,4.4,-0.295454545454545,-0.295454545454545,0.0696439207802844,29,0.973913043478261,-0.287747035573122,0.0710714786506485,-0.701107087209521,0.854160490481938,-2.83650831341437,1.43429413899532,0
"Flexibility","Pilotto et al 2021",2021,"Letter fluency","Phonemic fluency - N correct",8,21,16,8,19,890,21,2.4,25,-1,-2.08,2,NA,NA,"Pilotto et al 2021",-0.90210979560879,-0.885904230418213,2.4,-2.08333333333333,-2.08333333333333,0.624795321637427,24,0.968421052631579,-2.01754385964912,0.709597055504258,-0.701107087209521,0.854160490481938,-2.83650831341437,1.43429413899532,0
"Flexibility","Pilotto et al 2021",2021,"Semantic fluency","Semantic fluency - N correct",8,22,25,9.6,19,890,34,4.7,25,-1,-1.87,2,NA,NA,"Pilotto et al 2021",-1.24663784213369,-1.22424315035884,4.7,-1.91489361702128,-1.91489361702128,0.259580186319125,24,0.968421052631579,-1.85442329227324,0.331223639380073,-0.701107087209521,0.854160490481938,-2.83650831341437,1.43429413899532,0
"Flexibility","Pilotto et al 2021",2021,"TMT B","Trail making B -Time (sec.)",8,23,70,25.6,19,890,41,11,25,1,-2.59,2,NA,NA,"Pilotto et al 2021",-1.55008989570852,-1.5222439694383,11,-2.63636363636364,-2.63636363636364,0.325063070900391,24,0.968421052631579,-2.55311004784689,0.460862464992407,-0.701107087209521,0.854160490481938,-2.83650831341437,1.43429413899532,0
"Flexibility","Ris et al 1994",2017,"WCST- N perseverations","WCST -  N perseverative responses",9,24,21,32,25,1332,12,9,15,1,-0.98,1,NA,NA,"Ris et al 1994",-0.346005712851037,-0.339131427165255,9,-1,-1,0.572345679012346,14,0.945454545454545,-0.945454545454545,0.604270118209512,-0.701107087209521,0.854160490481938,-2.83650831341437,1.43429413899532,0
"Flexibility","Romani et al 2020",2020,"Digit/symbol - % err","Digit symbol coding - % error",10,25,41.6,12,19,1042,39.4,9.1,19,1,-0.24,1,NA,NA,"Romani et al 2020",-0.206588707892396,-0.202254679055492,9.1,-0.241758241758242,-0.241758241758242,0.144153706328374,18,0.957746478873239,-0.231543104782542,0.145642934366494,-0.701107087209521,0.854160490481938,-2.83650831341437,1.43429413899532,0
"Flexibility","Romani et al 2020",2020,"Letter fluency ","Letter fluency - N correct",10,26,39,11,19,1042,47.5,9.3,19,-1,-0.89,1,NA,NA,"Romani et al 2020",-0.83451728833809,-0.817009932638689,9.3,-0.913978494623656,-0.913978494623656,0.126263456073413,18,0.957746478873239,-0.87535968499167,0.147548305465322,-0.701107087209521,0.854160490481938,-2.83650831341437,1.43429413899532,0
"Flexibility","Romani et al 2020",2020,"Semantic fluency ","Semantic fluency - N correct",10,27,20.1,4.8,19,1042,23.5,3.6,19,-1,-0.92,1,NA,NA,"Romani et al 2020",-0.801387685344754,-0.784575356281577,3.6,-0.944444444444444,-0.944444444444444,0.146198830409357,18,0.957746478873239,-0.904538341158059,0.168926319593384,-0.701107087209521,0.854160490481938,-2.83650831341437,1.43429413899532,0
"Flexibility","Romani et al 2020",2020,"TMT B-A - Time","Trail making - Difference B-A time (sec.)",10,28,47.5,29,19,1042,24.4,13.1,19,1,-1.73,1,NA,NA,"Romani et al 2020",-1.02661090166312,-1.00507361001983,13.1,-1.76335877862595,-1.76335877862595,0.310560358708087,18,0.957746478873239,-1.68885066121922,0.389788596371992,-0.701107087209521,0.854160490481938,-2.83650831341437,1.43429413899532,0
"Flexibility","Romani et al 2020",2020,"WCST- N categories - correct","WCST - N of completed categories",10,29,4,1.1,19,1042,4.1,1,19,-1,-0.1,1,NA,NA,"Romani et al 2020",-0.0951302988308985,-0.0931345582959845,1,-0.0999999999999996,-0.0999999999999996,0.116315789473684,18,0.957746478873239,-0.0957746478873236,0.116570589006405,-0.701107087209521,0.854160490481938,-2.83650831341437,1.43429413899532,0
"Flexibility","Romani et al 2020",2020,"WCST- N perseverations","WCST -  N perseverative responses",10,30,7,3.1,19,1042,7.8,3.3,19,1,0.24,1,NA,NA,"Romani et al 2020",0.24987801902177,0.244635822818516,3.3,0.242424242424242,0.242424242424242,0.0990768933352665,18,0.957746478873239,0.232180964575331,0.100574337788354,-0.701107087209521,0.854160490481938,-2.83650831341437,1.43429413899532,0
"Flexibility","Smith et al 1996 - High Phe",1996,"WCST- N categories-correct","",11,31,4.4,1.7,11,1545,5.6,1.3,22,-1,-0.87,NA,NA,NA,"Smith et al 1996 - High Phe",-0.832631583184142,-0.812323495789407,1.3,-0.923076923076922,-0.923076923076922,0.200914470145239,21,0.963855421686747,-0.889712696941612,0.219761819742837,-0.701107087209521,0.854160490481938,-2.83650831341437,1.43429413899532,0
"Flexibility","Smith et al 1996 - High Phe",1996,"WCST- N perseverations","",11,32,23,10.1,11,1545,9.7,8.2,22,1,-1.58,NA,NA,NA,"Smith et al 1996 - High Phe",-1.50154448322658,-1.46492144705032,8.2,-1.6219512195122,-1.6219512195122,0.183372992266508,21,0.963855421686747,-1.56332647663826,0.241563222565513,-0.701107087209521,0.854160490481938,-2.83650831341437,1.43429413899532,0
"Flexibility","Smith et al 1996 - Low Phe",1996,"WCST- N categories-correct","",12,33,6,0,11,566,5.6,1.3,22,-1,0.3,NA,NA,NA,"Smith et al 1996 - Low Phe",0.373841782334742,0.364723690082676,1.3,0.307692307692308,0.307692307692308,0.0454545454545455,21,0.963855421686747,0.296570898980538,0.0475486954098341,-0.701107087209521,0.854160490481938,-2.83650831341437,1.43429413899532,0
"Flexibility","Smith et al 1996 - Low Phe",1996,"WCST- N perseverations","",12,34,7.6,4.3,11,566,9.7,8.2,22,1,0.25,NA,NA,NA,"Smith et al 1996 - Low Phe",0.292587549794225,0.285451268091927,8.2,0.25609756097561,0.25609756097561,0.07045319344546,21,0.963855421686747,0.246841022627094,0.071903919408593,-0.701107087209521,0.854160490481938,-2.83650831341437,1.43429413899532,0
"Flexibility","Sundermann et al 2020",2020,"TMT - Time","",13,35,60.4,43.5,16,926,53.3,7.4,17,1,-0.95,4,NA,NA,"Sundermann et al 2020",-0.231101467175986,-0.225464846025352,7.4,-0.95945945945946,-0.95945945945946,2.21853180187342,16,0.952380952380952,-0.913770913770914,2.24462484196259,-0.701107087209521,0.854160490481938,-2.83650831341437,1.43429413899532,0
"Reasoning ","Channon et al 2004",2004,"Brixton scaled - Score","Brixton text scaled score (rule finding) higher scores indiciate fewer errors",1,1,7,1.7,20,859,7.2,1.1,20,-1,-0.17,2,NA,NA,"Channon et al 2004",-0.139686059153916,-0.136910839435626,1.1,-0.181818181818182,-0.181818181818182,0.169421487603306,19,0.96,-0.174545454545455,0.170223227490213,-1.56735590930803,1.64211718518836,-5.67264887227894,2.53793705366288,0
"Reasoning ","Channon et al 2004",2004,"Six elements - Rules per minute","Six elements rules per minute",1,2,0.5,0.1,20,859,0.6,0.1,20,-1,-0.42,2,NA,NA,"Channon et al 2004",-1,-0.980132450331126,0.1,-1,-1,0.1,19,0.96,-0.96,0.124252631578947,-1.56735590930803,1.64211718518836,-5.67264887227894,2.53793705366288,0
"Reasoning ","Nardecchia et al 2015",2015,"Tower of London - Score","Tower of London - Performance score",2,3,98.1,13,14,NA,100.9,8.8,14,-1,-0.3,3,NA,NA,"Nardecchia et al 2015",-0.252242016195997,-0.244895161355337,8.8,-0.318181818181819,-0.318181818181819,0.227309622195986,13,0.941176470588235,-0.299465240641712,0.230758831055701,-1.56735590930803,1.64211718518836,-5.67264887227894,2.53793705366288,0
"Reasoning ","Nardecchia et al 2015",2015,"Elithorns - N solved trials","Elithorns Maze Test  - N of solved puzzles",2,4,86.9,23.1,14,NA,108.3,4.4,14,-1,-4.77,3,NA,NA,"Nardecchia et al 2015",-1.28699833776639,-1.24951294928776,4.4,-4.86363636363636,-4.86363636363636,2.04017857142857,13,0.941176470588235,-4.57754010695187,2.84609678030368,-1.56735590930803,1.64211718518836,-5.67264887227894,2.53793705366288,0
"Reasoning ","Palermo et al 2017",2017,"Tower of Hanoi - % of unsolved trials ","Tower of Hanoi - % of solved trials ",3,5,20.6,28.2,37,720,2.9,7.9,30,1,-2.21,1,NA,NA,"Palermo et al 2017;2020;De Felice et al 2018",-0.817933709809081,-0.808459574174226,7.9,-2.24050632911392,-2.24050632911392,0.377716813111782,29,0.973913043478261,-2.18205833791965,0.459809547423586,-1.56735590930803,1.64211718518836,-5.67264887227894,2.53793705366288,0
"Reasoning ","Pilotto et al 2021",2021,"Tower of London - Score","",4,6,16,3.2,19,890,18,1.6,25,-1,-1.25,NA,NA,NA,"Pilotto et al 2021",-0.826797284707684,-0.811944638874612,1.6,-1.25,-1.25,0.250526315789474,24,0.968421052631579,-1.21052631578947,0.281054939981533,-1.56735590930803,1.64211718518836,-5.67264887227894,2.53793705366288,0
"Inhibition","Channon et al 2004",2004,"Hayling Sentence Completion B - cor/sec.","Hayling Sentence Completion Test B  - Correct completions per sec.",1,1,0.6,0.3,20,859,0.8,0.5,20,-1,-0.33,2,NA,NA,"Channon et al 2004",-0.485071250072666,-0.475434072918905,0.5,-0.4,-0.4,0.068,19,0.96,-0.384,0.0718804210526316,-0.133956377076944,0.846069398989217,-2.24912987454999,1.9812171203961,0
"Inhibition","Channon et al 2005 on diet",2005,"Flanker Task, on diet, Comp-inc-N correct"," Flanker Task; on diet - Difference compatible-incompatible - Number correct",2,2,1.7,0.712,25,758.79,1.9,0.688,25,1,0.29,2,NA,NA,"Channon et al 2005 on diet",0.285672312458019,0.281185312785903,0.688,0.290697674418605,0.290697674418605,0.0828393726338561,24,0.968421052631579,0.281517747858017,0.0844904610163364,-0.133956377076944,0.846069398989217,-2.24912987454999,1.9812171203961,0
"Inhibition","Channon et al 2005 on diet",2005,"Flanker Task, Inc-comp-Speed "," Flanker Task; on diet - Difference Incompatible- compatible - Speed per item (sec.)",2,3,0.02,0.016,25,758.79,0.03,0.013,25,1,0.77,2,NA,NA,"Channon et al 2005 on diet",0.685994340570035,0.675219560351658,0.013,0.769230769230769,0.769230769230769,0.100591715976331,24,0.968421052631579,0.744939271255061,0.11215285176504,-0.133956377076944,0.846069398989217,-2.24912987454999,1.9812171203961,0
"Inhibition","Channon et al 2007 off diet",2007,"Flanker Task, Inc-comp Speed "," Flanker Task; off diet - Difference incomp-compatible trials- Speed per item (sec.)",3,5,0.03,0.021,25,1287,0.03,0.013,45,1,0,2,NA,NA,"Channon et al 2007 off diet",0,0,0.013,0,0,0.126600920447074,44,0.982857142857143,0,0.126600920447074,-0.133956377076944,0.846069398989217,-2.24912987454999,1.9812171203961,0
"Inhibition","De Felice et al 2018",2018,"Hayling Sentence Completion B-N err","Hayling Sentence Completion Test - Part 2  - N errors",4,6,1.5,2,15,751,1,1.8,24,1,-0.27,1,NA,NA,"Palermo et al 2017;2020;De Felice et al 2018",-0.266214884435611,-0.260781927610395,1.8,-0.277777777777778,-0.277777777777778,0.123971193415638,23,0.967032967032967,-0.268620268620269,0.125539820561586,-0.133956377076944,0.846069398989217,-2.24912987454999,1.9812171203961,0
"Inhibition","De Felice et al 2018",2018,"Hayling Sentence Completion B-Time ","Hayling Sentence Completion Test Part 2 - Time (sec.) ",4,7,0.7,1.4,15,751,1.3,2,24,1,0.29,1,NA,NA,"Palermo et al 2017;2020;De Felice et al 2018",0.333946745256056,0.327131505556953,2,0.3,0.3,0.0743333333333333,23,0.967032967032967,0.29010989010989,0.0761629800363675,-0.133956377076944,0.846069398989217,-2.24912987454999,1.9812171203961,0
"Inhibition","De Felice et al 2018",2018,"Block Cyclic Naming-Diff 4th-1st cycle-RT","Block Cyclic Naming Semantic Interference -  4th cycle-1st cycle - RT",4,8,85.9,16.7,15,751,75.7,19.2,24,1,-0.52,1,NA,NA,"Palermo et al 2017;2020;De Felice et al 2018",-0.55755143881518,-0.546172838023033,19.2,-0.53125,-0.53125,0.0921025028935185,23,0.967032967032967,-0.513736263736264,0.0978400017778163,-0.133956377076944,0.846069398989217,-2.24912987454999,1.9812171203961,0
"Inhibition","Moyle et al 2006",2006,"Go-No go RT  (only no go)","",5,9,316,35.6,9,1000,284,15.6,9,1,-1.96,NA,NA,NA,"Moyle et al 2006",-1.16432168684952,-1.10887779699955,15.6,-2.05128205128205,-2.05128205128205,0.6897508948791,8,0.903225806451613,-1.85277088502895,0.904298391904785,-0.133956377076944,0.846069398989217,-2.24912987454999,1.9812171203961,0
"Inhibition","Moyle et al 2007",2006,"Go-No go false alarms ","errors for no-go trials",7,10,33.3,16.3,9,NA,19.2,10.4,9,1,-1.29,1,NA,NA,"Moyle et al 2007",-1.0313009504478,-0.98219138137886,10.4,-1.35576923076923,-1.35576923076923,0.384050378040763,8,0.903225806451613,-1.22456575682382,0.477772958839856,-0.133956377076944,0.846069398989217,-2.24912987454999,1.9812171203961,0
"Inhibition","Palermo et al 2017",2017,"Stroop, Incongruous-congruous - % err","Stroop Task; Differene incongruous-congruous - % errors",8,11,0.5,1.1,37,720,0.8,1,30,1,0.3,1,NA,NA,"Palermo et al 2017;2020;De Felice et al 2018",0.283941777034156,0.280652876141868,1,0.3,0.3,0.066036036036036,29,0.973913043478261,0.292173913043478,0.0675078566474695,-0.133956377076944,0.846069398989217,-2.24912987454999,1.9812171203961,0
"Inhibition","Palermo et al 2017",2017,"Stroop, Incongruous-congruous- RT","Stroop Task; Difference incongruous-congruous- RT",8,12,111.3,86.7,37,720,94.3,51.9,30,1,-0.32,1,NA,NA,"Palermo et al 2017;2020;De Felice et al 2018",-0.232094832803557,-0.229406475666836,51.9,-0.327552986512524,-0.327552986512524,0.108755977735897,29,0.973913043478261,-0.319008125994806,0.110510567122978,-0.133956377076944,0.846069398989217,-2.24912987454999,1.9812171203961,0
"Inhibition","Palermo et al 2017",2017,"Continuous Naming - 5th-1st pos-% err","Naming Semantic Interference Task - Difference position 5-1 - % errors",8,13,1.3,2,37,720,1.1,1.6,30,1,-0.12,1,NA,NA,"Palermo et al 2017;2020;De Felice et al 2018",-0.10914893373767,-0.107884660373914,1.6,-0.125,-0.125,0.0755630630630631,29,0.973913043478261,-0.121739130434783,0.0758185874747702,-0.133956377076944,0.846069398989217,-2.24912987454999,1.9812171203961,0
"Inhibition","Palermo et al 2017",2017,"Continuous Naming -  5th-1st pos-RT","Naming Semantic Interference Task - Difference position 5-1 - RT",8,14,173,94.6,37,720,145,62.9,30,1,-0.44,1,NA,NA,"Palermo et al 2017;2020;De Felice et al 2018",-0.341523725394578,-0.337567852127459,62.9,-0.445151033386327,-0.445151033386327,0.0944668329426229,29,0.973913043478261,-0.433538397732771,0.0977074457410487,-0.133956377076944,0.846069398989217,-2.24912987454999,1.9812171203961,0
"Inhibition","Sundermann et al 2020",2020,"Go-No go cor RT","",9,15,471.1,45,16,926,448.6,72.7,17,1,-0.3,4,NA,NA,"Sundermann et al 2020",-0.369511916586689,-0.360499430816282,72.7,-0.30949105914718,-0.30949105914718,0.0827697083347756,16,0.952380952380952,-0.294753389663981,0.0854846946072258,-0.133956377076944,0.846069398989217,-2.24912987454999,1.9812171203961,0
"Inhibition","Sundermann et al 2020",2020,"Go-No go Err","",9,16,18.1,13.4,16,926,10.1,6.5,17,1,-1.2,4,NA,NA,"Sundermann et al 2020",-0.767351856457772,-0.748635957519778,6.5,-1.23076923076923,-1.23076923076923,0.324444831186913,16,0.952380952380952,-1.17216117216117,0.367381137859483,-0.133956377076944,0.846069398989217,-2.24912987454999,1.9812171203961,0
"Inhibition","Sundermann et al 2011 - Gr1",2011,"Stroop, Incongruous-neutral - RT","Stroop; Difference incongruous-neutral - RT - Placebo second session",10,17,167,81.3,8,1140,157.2,80.9,15,1,-0.12,1,NA,NA,"Sundermann et al 2011 - Gr1",-0.120937558219645,-0.116566321175562,80.9,-0.121137206427689,-0.121137206427689,0.192905816466279,14,0.945454545454545,-0.114529722440724,0.19337428279922,-0.133956377076944,0.846069398989217,-2.24912987454999,1.9812171203961,0
"Inhibition","Sundermann et al 2011 - Gr2",2011,"Stroop, Incongruous-neutral - RT","Stroop; Difference incongruous-neutral - RT - Placebo first session",11,18,121.5,64,9,1210,124.1,98.6,15,1,0.03,1,NA,NA,"Sundermann et al 2011 - Gr2",0.0296757320860791,0.0286524309796626,98.6,0.0263691683569979,0.0263691683569979,0.113479357843252,14,0.945454545454545,0.0249308500829798,0.113501555960604,-0.133956377076944,0.846069398989217,-2.24912987454999,1.9812171203961,0
"Inhibition","Ulrich et al. 1996",1996,"Colour Word Interference Task","CWIT - Time",12,19,52.3,8.1,8,1253,54,6.1,8,1,0.26,NA,NA,NA,"Ulrich et al. 1996",0.237096487138018,0.224163951475944,6.1,0.278688524590164,0.278688524590164,0.345404461166353,7,0.888888888888889,0.247723132969035,0.349787800495496,-0.133956377076944,0.846069398989217,-2.24912987454999,1.9812171203961,0
"Sustained attention","Burgard et al 1997 - German",1997,"Dot pattern-Level-Time","Level of dot pattern exercise; adults german vs controls - Time",1,1,8.7,1.3,8,870,7.5,0.8,8,1,-1.42,4,NA,NA,"Burgard et al 1997 - German",-1.11177853106899,-1.05113606573795,0.8,-1.5,-1.5,0.455078125,7,0.888888888888889,-1.33333333333333,0.582062251984127,-1.25843691347388,1.10214023521704,-4.01378750151649,1.49691367456872,0
"Sustained attention","Burgard et al 1997 - German",1997,"Dot pattern-Stabililty-Time","Stability dot pattern exercise; adults french vs controls - Time",1,2,1,0.3,8,870,0.7,0.2,8,1,-1.42,4,NA,NA,"Burgard et al 1997 - German",-1.1766968108291,-1.11251334842024,0.2,-1.5,-1.5,0.40625,7,0.888888888888889,-1.33333333333333,0.533234126984127,-1.25843691347388,1.10214023521704,-4.01378750151649,1.49691367456872,0
"Sustained attention","Channon et al 2004",2004,"Telephone Search - N tones/min","Telephone Search - N of tones counted per minute",2,3,18.5,4.9,20,859,22.8,5.5,20,-1,-0.77,2,NA,NA,"Channon et al 2004",-0.8255503363856,-0.809148674073303,5.5,-0.781818181818182,-0.781818181818182,0.0896859504132232,19,0.96,-0.750545454545455,0.10451012092214,-1.25843691347388,1.10214023521704,-4.01378750151649,1.49691367456872,0
"Sustained attention","Jahja et al 2017",2017,"Dots task - N err","Sustained attention dots task - N errors",3,4,24.6,14.7,57,655,17.3,10.3,57,1,-0.7,1,NA,NA,"Jahja et al 2016;2017",-0.575159860047488,-0.571299726758578,10.3,-0.70873786407767,-0.70873786407767,0.0532781666674935,56,0.986547085201794,-0.69920327397797,0.0576432132598284,-1.25843691347388,1.10214023521704,-4.01378750151649,1.49691367456872,0
"Sustained attention","Jahja et al 2017",2017,"Dots task - Series time","Sustained attention dots task - Mean series time (sec.)",3,5,9.3,1.8,57,655,8.7,1.5,57,1,-0.4,1,NA,NA,"Jahja et al 2016;2017",-0.362142984170075,-0.35971249434343,1.5,-0.400000000000001,-0.400000000000001,0.0428070175438597,56,0.986547085201794,-0.394618834080718,0.0441974106171742,-1.25843691347388,1.10214023521704,-4.01378750151649,1.49691367456872,0
"Sustained attention","Palermo et al 2017",2017,"Rapid Visual Processing - % err","Rapid visual Information Processing -RVP -  % errors",4,6,18.9,11.3,37,720,13.3,8.8,30,1,-0.63,1,NA,NA,"Palermo et al 2017;2020;De Felice et al 2018",-0.54580075086962,-0.53947873445028,8.8,-0.636363636363636,-0.636363636363636,0.077897913409277,29,0.973913043478261,-0.619762845849802,0.0845204303936882,-1.25843691347388,1.10214023521704,-4.01378750151649,1.49691367456872,0
"Sustained attention","Romani et al 2020",2020,"Rapid Visual Processing - % err","Rapid visual Information Processing -RVP -  % errors",6,8,24.2,12,19,1042,15.9,9.6,19,1,-0.85,1,NA,NA,"Romani et al 2020",-0.763818055351022,-0.747793900343658,9.6,-0.864583333333333,-0.864583333333333,0.134868421052632,18,0.957746478873239,-0.828051643192488,0.15391479671357,-1.25843691347388,1.10214023521704,-4.01378750151649,1.49691367456872,0
"Sustained attention","Schmidt et al 1994",1994,"Dot pattern exercise t1 - N err","Dot pattern exercise T1 - N errors",7,9,51.9,8.7,19,1417,39.9,6.6,20,1,-1.78,NA,NA,NA,"Schmidt et al 1994",-1.55974679355284,-1.52791522633747,6.6,-1.81818181818182,-1.81818181818182,0.141452805567638,19,0.96,-1.74545454545455,0.221626794258373,-1.25843691347388,1.10214023521704,-4.01378750151649,1.49691367456872,0
"Sustained attention","Schmidt et al 1994",1994,"Dot pattern exercise t1 - RT","Dot pattern exercise T1 - RT",7,10,1010,1318,19,1417,729,691,20,1,-0.4,NA,NA,NA,"Schmidt et al 1994",-0.269114586494632,-0.263622452076374,691,-0.406657018813314,-0.406657018813314,0.241478988582516,19,0.96,-0.390390738060782,0.245489644592086,-1.25843691347388,1.10214023521704,-4.01378750151649,1.49691367456872,0
"Sustained attention","Ulrich et al. 1996",1996,"Dot pattern exercise t1 - RT","Sonnevitle Visual Attention Task - Dot Pattern Exercise t1 - RT in sec",8,11,12.3,4.5,8,1253,8.7,1.2,8,1,-2.88,NA,NA,NA,"Ulrich et al. 1996",-1.09317004481827,-1.03354258782818,1.2,-3,-3,1.8828125,7,0.888888888888889,-2.66666666666667,2.39074900793651,-1.25843691347388,1.10214023521704,-4.01378750151649,1.49691367456872,0
"Sustained attention","Weglage et al 2013",2013,"D2 Test - N correct; baseline","D2 Test - N correct - mistakes",9,12,99.1,14.9,57,810,103.6,13.6,46,-1,-0.33,3,NA,NA,"Weglage et al 2013",-0.313909081754815,-0.311572289582943,13.6,-0.330882352941176,-0.330882352941176,0.0427972634403068,45,0.983240223463687,-0.325336838646073,0.0439733085356426,-1.25843691347388,1.10214023521704,-4.01378750151649,1.49691367456872,0
"Higher Language Skills","De Felice et al 2018",2018,"Verbal Narrative - Speech rate","Verbal Narrative - Speech Rate",1,1,2.2,0.4,33,751,2.4,0.4,32,-1,-0.49,1,NA,NA,"Palermo et al 2017;2020;De Felice et al 2018",-0.499999999999999,-0.494023904382469,0.4,-0.499999999999999,-0.499999999999999,0.0615530303030303,31,0.975609756097561,-0.48780487804878,0.065390991578001,-0.431532530455319,0.500473676943165,-1.68271672281323,0.819651661902595,0
"Higher Language Skills","De Felice et al 2018",2018,"Verbal Narrative - Mean utterance length","Verbal Narrative - Mean utterance length",1,2,13.2,2.5,33,751,14.2,3,32,-1,-0.33,1,NA,NA,"Palermo et al 2017;2020;De Felice et al 2018",-0.362662388938708,-0.358327778712349,3,-0.333333333333333,-0.333333333333333,0.052293771043771,31,0.975609756097561,-0.32520325203252,0.0539995316104247,-0.431532530455319,0.500473676943165,-1.68271672281323,0.819651661902595,0
"Higher Language Skills","De Felice et al 2018",2018,"Verbal Narrative - Main concepts - % cor","Verbal Narrative - Main concepts - %  correct answers ",1,3,81.1,21.2,33,751,86.7,10.9,32,-1,-0.51,1,NA,NA,"Palermo et al 2017;2020;De Felice et al 2018",-0.330702162580148,-0.326749547091142,10.9,-0.513761467889909,-0.513761467889909,0.145881713992037,31,0.975609756097561,-0.501230700380399,0.149933846492099,-0.431532530455319,0.500473676943165,-1.68271672281323,0.819651661902595,0
"Higher Language Skills","De Felice et al 2018",2018,"Verbal Narrative - % cor info units ","Verbal Narrative - Correct information units (% of total words)",1,4,87.7,7.8,33,751,91.7,4.6,32,-1,-0.86,1,NA,NA,"Palermo et al 2017;2020;De Felice et al 2018",-0.622309641952731,-0.61487167810469,4.6,-0.869565217391304,-0.869565217391304,0.118378372572607,31,0.975609756097561,-0.848356309650053,0.129986573026205,-0.431532530455319,0.500473676943165,-1.68271672281323,0.819651661902595,0
"Higher Language Skills","De Felice et al 2018",2018,"Emotional Prosody - N err","Emotional Prosody - N errors",1,5,0.6,1.1,22,751,0.3,0.5,25,1,-0.59,1,NA,NA,"Palermo et al 2017;2020;De Felice et al 2018",-0.359081923911841,-0.353063791108849,0.5,-0.6,-0.6,0.26,24,0.968421052631579,-0.581052631578947,0.26703379501385,-0.431532530455319,0.500473676943165,-1.68271672281323,0.819651661902595,0
"Higher Language Skills","De Felice et al 2018",2018,"Non Emotional Prosody - N err","Non Emotional Prosody - N errors",1,6,0.2,0.5,22,751,0.4,0.8,25,1,0.25,1,NA,NA,"Palermo et al 2017;2020;De Felice et al 2018",0.295527062282771,0.290574094758479,0.8,0.25,0.25,0.0577556818181818,24,0.968421052631579,0.242105263157895,0.0589768267858642,-0.431532530455319,0.500473676943165,-1.68271672281323,0.819651661902595,0
"Higher Language Skills","De Felice et al 2018",2018,"Conflicting Prosody - N err","Conflicting Prosody - N errors",1,7,1.1,1.2,22,751,1.4,1.9,25,1,0.16,1,NA,NA,"Palermo et al 2017;2020;De Felice et al 2018",0.186147586674232,0.183027794718798,1.9,0.157894736842105,0.157894736842105,0.0581314530345001,24,0.968421052631579,0.152908587257618,0.0586185579523568,-0.431532530455319,0.500473676943165,-1.68271672281323,0.819651661902595,0
"Higher Language Skills","De Felice et al 2018",2018,"Metaphor Picture  - N err","Metaphor Picture Test - N errors",1,8,1.1,1.7,22,751,2.3,3.1,25,1,0.38,1,NA,NA,"Palermo et al 2017;2020;De Felice et al 2018",0.471622915299292,0.463718620629471,3.1,0.387096774193548,0.387096774193548,0.0536694730867468,24,0.968421052631579,0.374872665534805,0.0565971713235211,-0.431532530455319,0.500473676943165,-1.68271672281323,0.819651661902595,0
"Higher Language Skills","De Felice et al 2018",2018,"Metaphor Picture  - Time","Metaphor Picture Test - Total time (sec.)",1,9,58.9,34.3,22,751,41,13,25,1,-1.35,1,NA,NA,"Palermo et al 2017;2020;De Felice et al 2018",-0.708023312309335,-0.69615699981253,13,-1.37692307692308,-1.37692307692308,0.356430876815492,24,0.968421052631579,-1.33344129554656,0.393473911996094,-0.431532530455319,0.500473676943165,-1.68271672281323,0.819651661902595,0
"Higher Language Skills","De Felice et al 2018",2018,"Appreciation of Humour-N err","Appreciation of Humour Test -  N errors",1,10,2,1.3,22,751,2.2,1.6,25,1,0.12,1,NA,NA,"Palermo et al 2017;2020;De Felice et al 2018",0.136272161997826,0.133988271014622,1.6,0.125,0.125,0.0700071022727273,24,0.968421052631579,0.121052631578947,0.0703123885146479,-0.431532530455319,0.500473676943165,-1.68271672281323,0.819651661902595,0
"Higher Language Skills","De Felice et al 2018",2018,"Appreciation of Humour-Time","Appreciation of Humour Test - Time (sec.)",1,11,91.6,44,22,751,76.9,23,25,1,-0.63,1,NA,NA,"Palermo et al 2017;2020;De Felice et al 2018",-0.42692170915636,-0.419766596712399,23,-0.639130434782608,-0.639130434782608,0.206351606805293,24,0.968421052631579,-0.618947368421052,0.214332770240196,-0.431532530455319,0.500473676943165,-1.68271672281323,0.819651661902595,0
"Higher Language Skills","De Felice et al 2018",2018,"Inferred meaning - N err","Comprehension of Inferred meaning Test -  N errors",1,12,1.3,1.2,22,751,1.2,1.2,25,1,-0.08,1,NA,NA,"Palermo et al 2017;2020;De Felice et al 2018",-0.0833333333333334,-0.0819366852886407,1.2,-0.0833333333333334,-0.0833333333333334,0.0854545454545454,24,0.968421052631579,-0.080701754385965,0.0855902282287324,-0.431532530455319,0.500473676943165,-1.68271672281323,0.819651661902595,0
"Higher Language Skills","De Felice et al 2018",2018,"Inferred meaning - Time ","Comprehension of Inferred meaning Test - Time (sec.)",1,13,157.9,54.6,22,751,119.2,40,25,1,-0.95,1,NA,NA,"Palermo et al 2017;2020;De Felice et al 2018",-0.816859118405527,-0.803168742119401,40,-0.9675,-0.9675,0.124692045454545,24,0.968421052631579,-0.936947368421053,0.142981011521027,-0.431532530455319,0.500473676943165,-1.68271672281323,0.819651661902595,0
"Higher Language Skills","Palermo et al 2017",2017,"WASI Vocabulary - N cor","WASI Vocabulary - N correct",1,14,58.4,8.7,37,720,64.2,7.2,30,-1,-0.8,1,NA,NA,"Palermo et al 2017;2020;De Felice et al 2018",-0.719129179220282,-0.710799497607692,7.2,-0.805555555555556,-0.805555555555556,0.0727946696696697,29,0.973913043478261,-0.784541062801933,0.0834068193114349,-0.431532530455319,0.500473676943165,-1.68271672281323,0.819651661902595,0
"Higher Language Skills","Palermo et al 2017",2017,"WASI Similarities - N cor","WASI Similarities - N correct",1,15,36,5.8,37,720,39.2,3.6,30,-1,-0.88,1,NA,NA,"Palermo et al 2017;2020;De Felice et al 2018",-0.647641415526729,-0.640139777509045,3.6,-0.88888888888889,-0.88888888888889,0.103486820153487,29,0.973913043478261,-0.865700483091788,0.116408153367717,-0.431532530455319,0.500473676943165,-1.68271672281323,0.819651661902595,0
"Verbal STM/WM","Abgottspon et al. ",2022,"3 back - correct","3 back - correct",1,1,81.4,6.3,20,702,87.4,7.9,40,-1,-0.75,1,NA,NA,"Abgottspon et al., 2022",-0.809280879265735,-0.79877073797657,7.9,-0.759493670886076,-0.759493670886076,0.0567977888158949,39,0.980645161290323,-0.744793793385055,0.0639095554141628,-0.466247276005366,0.589457809337746,-1.93989179934973,1.007397247339,0
"Verbal STM/WM","Abgottspon et al. ",2023,"4 back - speed ","3 back - speed ",1,2,816,306.5,20,702,771.6,282.4,40,1,-0.16,1,NA,NA,"Abgottspon et al., 2022",-0.152831986469249,-0.150847155476142,282.4,-0.157223796033994,-0.157223796033994,0.083898139630765,39,0.980645161290323,-0.154180754820433,0.0842029050814958,-0.466247276005366,0.589457809337746,-1.93989179934973,1.007397247339,0
"Verbal STM/WM","Aitkenhead et al 2021",2021,"Digit span (from WAIS IV)","Digit span",2,3,NA,NA,153,908,NA,NA,76,-1,-0.33,1,1,-4.02,"Aitkenhead et al 2021",NA,NA,NA,NA,-0.33,NA,75,0.989966555183946,-0.326688963210702,1,-0.466247276005366,0.589457809337746,-1.93989179934973,1.007397247339,0
"Verbal STM/WM","Aitkenhead et al 2021",2021,"Digit backwards (from WAIS IV)","Digit span backwards",2,4,NA,NA,153,908,NA,NA,76,-1,-0.47,1,0.83,-6.96,"Aitkenhead et al 2021",NA,NA,NA,NA,-0.47,NA,75,0.989966555183946,-0.465284280936455,0.83,-0.466247276005366,0.589457809337746,-1.93989179934973,1.007397247339,0
"Verbal STM/WM","Channon et al 2005",2005,"0,1,2 back - % cor","Combined 0 back, 1 back, 2 back task - % correct  -on diet",3,5,95.2,3.5,25,759,94.6,3.7,25,-1,0.15,2,NA,NA,"Channon et al 2005 on diet",0.166602403442122,0.163985611765021,3.7,0.162162162162164,0.162162162162164,0.0757925493060628,24,0.968421052631579,0.157041251778096,0.0763063400302301,-0.466247276005366,0.589457809337746,-1.93989179934973,1.007397247339,0
"Verbal STM/WM","Channon et al 2007",2007,"0,1,2 back - % cor","Combined 0 back, 1 back, 2 back task -  % correct - off diet",4,6,92.4,5,25,1286,93.9,4.9,45,-1,-0.3,2,NA,NA,"Channon et al 2007 off diet",-0.303919006405358,-0.300554589360281,4.9,-0.306122448979592,-0.306122448979592,0.0638715350085612,44,0.982857142857143,-0.300874635568513,0.0649002343986577,-0.466247276005366,0.589457809337746,-1.93989179934973,1.007397247339,0
"Verbal STM/WM","Channon et al 2007",2007,"0,1,2 back - Speed","Combined 0 back, 1 back, 2 back task - Speed per item -off diet",4,7,0.8,0.7,25,1286,0.6,0.3,45,1,-0.8,2,NA,NA,"Channon et al 2007 off diet",-0.415966332558157,-0.411361539208805,0.3,-0.666666666666667,-0.666666666666667,0.24,44,0.982857142857143,-0.655238095238096,0.2448788291074,-0.466247276005366,0.589457809337746,-1.93989179934973,1.007397247339,0
"Verbal STM/WM","Moyle et al 2007",2007,"WMS-III Auditory Immediate Memory","Auditory Immediate Memory score (WMS III)",5,8,106,5.4,12,NA,105,5.2,12,-1,0.19,1,NA,NA,"Moyle et al 2007",0.188645669476136,0.182140646390752,5.2,0.192307692307692,0.192307692307692,0.173200197238659,11,0.930232558139535,0.178890876565295,0.174654831134945,-0.466247276005366,0.589457809337746,-1.93989179934973,1.007397247339,0
"Verbal STM/WM","Palermo et al 2017",2017,"Digit span","Digit span",6,9,6.1,1,37,720,6.5,0.9,30,-1,-0.44,1,NA,NA,"Palermo et al 2017;2020;De Felice et al 2018",-0.418113976519443,-0.413270957486399,0.9,-0.444444444444445,-0.444444444444445,0.0667000333667,29,0.973913043478261,-0.432850241545894,0.0699303666702576,-0.466247276005366,0.589457809337746,-1.93989179934973,1.007397247339,0
"Verbal STM/WM","Palermo et al 2017",2017,"Nonword repetition - % err","Nonword repetition - % errors",6,10,48.2,12.5,37,720,39.3,10.4,30,1,-0.85,1,NA,NA,"Palermo et al 2017;2020;De Felice et al 2018",-0.766573818919551,-0.757694585495773,10.4,-0.855769230769231,-0.855769230769231,0.0723770923290154,29,0.973913043478261,-0.833444816053512,0.0843534761463684,-0.466247276005366,0.589457809337746,-1.93989179934973,1.007397247339,0
"Verbal STM/WM","Romani et al 2020",2020,"Digit span","Digit span",8,12,5.9,0.9,19,1042,5.9,1.1,19,-1,0,1,NA,NA,"Romani et al 2020",0,0,1.1,0,0,0.0878642888212266,18,0.957746478873239,0,0.0878642888212266,-0.466247276005366,0.589457809337746,-1.93989179934973,1.007397247339,0
"Visual STM","Channon et al 2004",2004,"Self ordered pointing - N cor","Self ordered pointing test - N correct",1,1,13.5,3.3,20,859,17.6,3.6,20,-1,-1.12,2,NA,NA,"Channon et al 2004",-1.18728413021906,-1.16369570379086,3.6,-1.13888888888889,-1.13888888888889,0.0920138888888889,19,0.96,-1.09333333333333,0.123471198830409,-0.625288154446231,0.785615871194546,-2.5893278324326,1.33875152354013,0
"Visual STM","Jahja et al 2017",2017,"Feature integration-N err","Feature integration - N errors",2,2,4.5,2.6,57,655,3.9,2.6,57,1,-0.23,1,NA,NA,"Jahja et al 2016;2017",-0.230769230769231,-0.229220443985545,2.6,-0.230769230769231,-0.230769230769231,0.0350877192982456,56,0.986547085201794,-0.227664711969645,0.0355504980578547,-0.625288154446231,0.785615871194546,-2.5893278324326,1.33875152354013,0
"Visual STM","Jahja et al 2017",2017,"Feature integration-RT","Feature integration - RT",2,3,1705,457,57,655,1539,318,57,1,-0.52,1,NA,NA,"Jahja et al 2016;2017",-0.421658784600454,-0.418828859871592,318,-0.522012578616352,-0.522012578616352,0.0537767770956207,56,0.986547085201794,-0.514989987872634,0.0561447653778444,-0.625288154446231,0.785615871194546,-2.5893278324326,1.33875152354013,0
"Visual STM","Jahja et al 2017",2017,"Visuospatial sequencing-N cor","Visuospatial sequencing task - N correct",2,4,98.6,5.6,57,655,100.7,3.5,57,-1,-0.6,1,NA,NA,"Jahja et al 2016;2017",-0.449719013397519,-0.446700764985455,3.5,-0.600000000000002,-0.600000000000002,0.0624561403508772,56,0.986547085201794,-0.591928251121079,0.0655845247658349,-0.625288154446231,0.785615871194546,-2.5893278324326,1.33875152354013,0
"Visual STM","Moyle et al 2007",2017,"WMS-III Visual Immedjate Memory","Visual Immediate memory score(WMS III) ",3,5,94,19.4,12,NA,96,11.8,12,-1,-0.16,1,NA,NA,"Moyle et al 2007",-0.124562850807921,-0.120267580090407,11.8,-0.169491525423729,-0.169491525423729,0.308579909987551,11,0.930232558139535,-0.157666535277887,0.309709852548757,-0.625288154446231,0.785615871194546,-2.5893278324326,1.33875152354013,0
"Visual STM","Palermo et al 2017",2017,"Corsi span","Corsi span",4,6,5.3,0.9,37,720,5.7,0.9,30,-1,-0.44,1,NA,NA,"Palermo et al 2017;2020;De Felice et al 2018",-0.444444444444445,-0.43929643929644,0.9,-0.444444444444445,-0.444444444444445,0.0603603603603604,29,0.973913043478261,-0.432850241545894,0.0635906936639179,-0.625288154446231,0.785615871194546,-2.5893278324326,1.33875152354013,0
"Visual STM","Romani et al 2020",2020,"Corsi span","Corsi span",5,7,5.9,1,19,1042,5,1.1,19,-1,0.8,NA,NA,NA,"Romani et al 2020",0.85617268947809,0.838211024663864,1.1,0.818181818181818,0.818181818181818,0.096128751631144,18,0.957746478873239,0.783610755441742,0.113185579854588,-0.625288154446231,0.785615871194546,-2.5893278324326,1.33875152354013,0
"Visual STM","Smith et al 1996 - High Phe",1996,"Self ordered pointing-N err","Petrides & Milner, 1982",6,8,9.3,3.7,11,1545,4.7,2.5,22,1,-1.78,NA,NA,NA,"Smith et al 1996 - High Phe",-1.56404692211151,-1.52589943620635,2.5,-1.84,-1.84,0.244581818181818,21,0.963855421686747,-1.77349397590361,0.319469458242923,-0.625288154446231,0.785615871194546,-2.5893278324326,1.33875152354013,0
"Visual STM","Smith et al 1996 - Low Phe",1996,"Self ordered pointing-N err","Petrides & Milner, 1982",7,9,8.9,4.1,11,566,4.7,2.5,22,1,-1.63,NA,NA,NA,"Smith et al 1996 - Low Phe",-1.35157610796205,-1.31861083703614,2.5,-1.68,-1.68,0.289963636363636,21,0.963855421686747,-1.61927710843374,0.35239359717072,-0.625288154446231,0.785615871194546,-2.5893278324326,1.33875152354013,0
"Verbal learning LTM","Aitkenhead et al 2021",2021,"CVLT-II Trials 1-5","CVLT-II Trials 1-5",1,1,NA,NA,152,908,NA,NA,76,NA,-0.02,1,1.22,-0.22,"Aitkenhead et al 2021",NA,NA,NA,NA,-0.02,NA,75,0.989966555183946,-0.0197993311036789,1.22,-0.400783564416797,0.618215210229783,-1.94632158999125,1.14475446115766,0
"Verbal learning LTM","Channon et al 2004",2004,"Rey AVLT - Delayed recall  - % corr","Rey AVLT-  Delayed recall - % corr",2,2,75.8,19.5,20,859,80.7,19.2,20,-1,-0.25,2,NA,NA,"Channon et al 2004",-0.253222365886611,-0.248191457955089,19.2,-0.255208333333334,-0.255208333333334,0.10157470703125,19,0.96,-0.245,0.103154312294408,-0.400783564416797,0.618215210229783,-1.94632158999125,1.14475446115766,0
"Verbal learning LTM","Channon et al 2004",2004,"Rey AVLT - Recognition % cor","Rey AVLT Recognition - % corr",2,3,69,14.6,20,859,66.5,13.4,20,-1,0.18,2,NA,NA,"Channon et al 2004",0.178407659967441,0.17486313692173,13.4,0.186567164179104,0.186567164179104,0.109356204054355,19,0.96,0.17910447761194,0.110200372841214,-0.400783564416797,0.618215210229783,-1.94632158999125,1.14475446115766,0
"Verbal learning LTM","Moyle et al 2007",2007,"WMS-III - Auditory delayed recall","Auditory delayed (WMS III) - Score ",3,4,108,14.2,12,NA,109,2.7,12,-1,-0.36,1,NA,NA,"Moyle et al 2007",-0.0978395836003146,-0.0944658048554761,2.7,-0.37037037037037,-0.37037037037037,2.38831732967535,11,0.930232558139535,-0.344530577088717,2.39371284415486,-0.400783564416797,0.618215210229783,-1.94632158999125,1.14475446115766,0
"Verbal learning LTM","Moyle et al 2007",2007,"WMS-III - Delayed recognition","Auditory recognition delayed (WMS III) -Score ",3,5,99,11.8,12,NA,100,11.4,12,-1,-0.08,1,NA,NA,"Moyle et al 2007",-0.0861940862542239,-0.0832218763833886,11.4,-0.087719298245614,-0.087719298245614,0.172617215553504,11,0.930232558139535,-0.0815993472052224,0.172919872529155,-0.400783564416797,0.618215210229783,-1.94632158999125,1.14475446115766,0
"Verbal learning LTM","Palermo et al 2017",2017,"Rey AVLT- Recall - % err","Rey AVLT - % errors over 5 trials",4,6,24.1,11.2,37,720,20.5,8.4,30,1,-0.42,1,NA,NA,"Palermo et al 2017;2020;De Felice et al 2018",-0.358293078662215,-0.354142965781958,8.4,-0.428571428571429,-0.428571428571429,0.0813813813813814,29,0.973913043478261,-0.417391304347826,0.084385096914919,-0.400783564416797,0.618215210229783,-1.94632158999125,1.14475446115766,0
"Verbal learning LTM","Palermo et al 2017",2017,"Rey AVLT - Delayed recall  - % err","Ret AVLT delayed recall - % errors",4,7,16.3,15.9,37,720,15.1,15.1,30,1,-0.08,1,NA,NA,"Palermo et al 2017;2020;De Felice et al 2018",-0.0771795337084832,-0.0762855622755664,15.1,-0.0794701986754968,-0.0794701986754968,0.0633000133153635,29,0.973913043478261,-0.0773970630578751,0.0634032944424322,-0.400783564416797,0.618215210229783,-1.94632158999125,1.14475446115766,0
"Verbal learning LTM","Palermo et al 2017",2017,"P-ass-Verl - Recall - % err","P-ass-VL - % errors over 5 trials",4,8,43.5,22.9,37,720,47,14.9,30,1,0.23,1,NA,NA,"Palermo et al 2017;2020;De Felice et al 2018",0.177344683271212,0.175290497750696,14.9,0.23489932885906,0.23489932885906,0.0971738956649546,29,0.973913043478261,0.228771520280128,0.098076247535494,-0.400783564416797,0.618215210229783,-1.94632158999125,1.14475446115766,0
"Verbal learning LTM","Palermo et al 2017",2017,"P-ass-Verl - Delayed recall - % err","P-ass-VL delayed recall - % errors",4,9,20.4,23.7,37,720,29.3,24.5,30,1,0.36,1,NA,NA,"Palermo et al 2017;2020;De Felice et al 2018",0.369905337461442,0.365620719653008,24.5,0.363265306122449,0.363265306122449,0.0586241468457212,29,0.973913043478261,0.353788819875776,0.0607821904503607,-0.400783564416797,0.618215210229783,-1.94632158999125,1.14475446115766,0
"Verbal learning LTM","Romani et al 2020",2020,"P-ass-Verl - Recall - % err","P-ass-VL - % errors",6,11,20.8,8.8,19,1042,19.7,6.1,19,1,-0.18,1,NA,NA,"Romani et al 2020",-0.145284958427308,-0.142237022236525,6.1,-0.180327868852459,-0.180327868852459,0.16216636727535,18,0.957746478873239,-0.172708381436158,0.162994927970303,-0.400783564416797,0.618215210229783,-1.94632158999125,1.14475446115766,0
"Verbal learning LTM","Romani et al 2020",2020,"P-ass-Verl - Delayed recall - % err","P-ass-VL delayed recall - % errors",6,12,10.2,11,19,1042,4.9,7,19,1,-0.74,1,NA,NA,"Romani et al 2020",-0.574865713219439,-0.562805593361688,7,-0.757142857142857,-0.757142857142857,0.182599355531686,18,0.957746478873239,-0.725150905432596,0.197206128744178,-0.400783564416797,0.618215210229783,-1.94632158999125,1.14475446115766,0
"Verbal learning LTM","Smith et al 1996 - High Phe",1996,"Story memory-immediate","Unit recalled",7,13,10.3,4.9,11,1545,14,3.6,22,-1,-1.01,NA,NA,NA,"Smith et al 1996 - High Phe",-0.910201084020775,-0.888001057581244,3.6,-1.02777777777778,-1.02777777777778,0.213874859708193,21,0.963855421686747,-0.990629183400267,0.237240244922581,-0.400783564416797,0.618215210229783,-1.94632158999125,1.14475446115766,0
"Verbal learning LTM","Smith et al 1996 - High Phe",1996,"Story memory-delayed","Unit recalled",7,14,8.9,4,11,1545,12.7,3.7,22,-1,-1.01,NA,NA,NA,"Smith et al 1996 - High Phe",-1.00016758746787,-0.975773256066213,3.7,-1.02702702702703,-1.02702702702703,0.151703300351949,21,0.963855421686747,-0.989905568218821,0.175034563066012,-0.400783564416797,0.618215210229783,-1.94632158999125,1.14475446115766,0
"Verbal learning LTM","Smith et al 1996 - Low Phe",1996,"Story memory-immediate","Unit recalled",8,15,12.4,3.5,11,566,14,3.6,22,-1,-0.45,NA,NA,NA,"Smith et al 1996 - Low Phe",-0.448424439318756,-0.437487257871957,3.6,-0.444444444444444,-0.444444444444444,0.131383277216611,21,0.963855421686747,-0.428380187416332,0.13575255304925,-0.400783564416797,0.618215210229783,-1.94632158999125,1.14475446115766,0
"Verbal learning LTM","Smith et al 1996 - Low Phe",1996,"Story memory-delayed","Unit recalled",8,16,10.8,4.1,11,566,12.7,3.7,22,-1,-0.5,NA,NA,NA,"Smith et al 1996 - Low Phe",-0.495618325899703,-0.483530074048491,3.7,-0.513513513513513,-0.513513513513513,0.15708214356863,21,0.963855421686747,-0.49495278410941,0.162914959247146,-0.400783564416797,0.618215210229783,-1.94632158999125,1.14475446115766,0
"Visual learning LTM","Channon et al 2004",2004,"Complex figure recogntion-% cor","Complex figure test recognition -  % correct",1,1,58.8,4.4,20,859,59.9,5.1,20,-1,-0.22,2,NA,NA,"Channon et al 2004",-0.23095283270039,-0.226364365825548,5.1,-0.215686274509804,-0.215686274509804,0.0872164552095348,19,0.96,-0.207058823529412,0.0883447014306239,-0.953845830898468,0.950401031529553,-3.32984840972235,1.42215674792542,0
"Visual learning LTM","Channon et al 2004",2004,"Complex figure delayed recall-% cor","Complex figure test delayed recall-% correct",1,2,63.3,19.1,20,859,70.6,18.6,20,-1,-0.39,2,NA,NA,"Channon et al 2004",-0.387233849458706,-0.379540461721116,18.6,-0.39247311827957,-0.39247311827957,0.102724303387675,19,0.96,-0.376774193548387,0.106460061096202,-0.953845830898468,0.950401031529553,-3.32984840972235,1.42215674792542,0
"Visual learning LTM","Moyle et al 2007",2007,"WMS-III Visual delayed","Visual Delayed  WMS III  - Score",2,3,95,13.9,12,NA,97,2.9,12,-1,-0.67,1,NA,NA,"Moyle et al 2007",-0.199194887768646,-0.192326098535244,2.9,-0.689655172413793,-0.689655172413793,1.9978200554895,11,0.930232558139535,-0.641539695268645,2.0165279273352,-0.953845830898468,0.950401031529553,-3.32984840972235,1.42215674792542,0
"Visual learning LTM","Nardecchia et al 2015",2015,"Rey Figure recall-% cor","Rey figure test from memory second assessment - % correct",3,4,44.6,37.2,14,NA,57.1,35,14,-1,-0.35,3,NA,NA,"Nardecchia et al 2015",-0.346099752327562,-0.33601917701705,35,-0.357142857142857,-0.357142857142857,0.152118950437318,13,0.941176470588235,-0.336134453781513,0.156464580091895,-0.953845830898468,0.950401031529553,-3.32984840972235,1.42215674792542,0
"Visual learning LTM","Palermo et al 2017",2017,"P-ass VisL % err","Delayed matching to sample -% errors",4,5,14.1,8.5,37,720,10.5,8.3,30,1,-0.43,1,NA,NA,"Palermo et al 2017;2020;De Felice et al 2018",-0.427992782753118,-0.423035337393043,8.3,-0.433734939759036,-0.433734939759036,0.0616785605463207,29,0.973913043478261,-0.422420115243583,0.0647550907836035,-0.953845830898468,0.950401031529553,-3.32984840972235,1.42215674792542,0
"Visual learning LTM","Palermo et al 2017",2017,"P-ass-VisL % err","P-ass VisL % errors. Delayed match to sample % errors",4,6,3.1,3.8,37,720,1.9,1.9,30,1,-0.62,1,NA,NA,"Palermo et al 2017;2020;De Felice et al 2018",-0.387133961663936,-0.382649784501805,1.9,-0.631578947368421,-0.631578947368421,0.141441441441441,29,0.973913043478261,-0.615102974828375,0.147964746090454,-0.953845830898468,0.950401031529553,-3.32984840972235,1.42215674792542,0
"Visual learning LTM","Pilotto et al 2021",2021,"Rey Figue recall-Raw score","",5,7,21,11.2,19,890,30,3.1,25,-1,-2.81,2,NA,NA,"Pilotto et al 2021",-1.16921154913857,-1.14820774885465,3.1,-2.90322580645161,-2.90322580645161,0.727003669423298,24,0.968421052631579,-2.81154499151104,0.891686695241856,-0.953845830898468,0.950401031529553,-3.32984840972235,1.42215674792542,0
"Visual learning LTM","Ris et al 1994",1994,"Rey Figue recall-Raw score"," Rey complex figure raw scores - N correct vs siblings ",6,8,64,10,25,1332,69,2,15,-1,-2.45,2,NA,NA,"Ris et al 1994",-0.621938757105212,-0.609582357957427,2,-2.5,-2.5,1.06666666666667,14,0.945454545454545,-2.36363636363636,1.26619441164896,-0.953845830898468,0.950401031529553,-3.32984840972235,1.42215674792542,0
"Visual learning LTM","Romani et al 2020",2020,"P-ass VisL % err","Delayed matching to sample -% errors",7,9,2.3,2.2,19,1042,1.2,1.3,19,1,-0.83,1,NA,NA,"Romani et al 2020",-0.608766986203734,-0.59599565082883,1.3,-0.846153846153846,-0.846153846153846,0.203363438181252,18,0.957746478873239,-0.810400866738895,0.221606481648228,-0.953845830898468,0.950401031529553,-3.32984840972235,1.42215674792542,0
"Visuo-spatial skills","Channon et al 2004",2004,"Complex figure copy immediate","Complex Figure Test -initial copy - % correct",1,1,98.2,2.6,20,859,98.2,4.2,20,-1,0,2,NA,NA,"Channon et al 2004",0,0,4.2,0,0,0.0691609977324263,19,0.96,0,0.0691609977324263,-0.257419288474859,0.240748230507948,-0.859289864744729,0.344451287795011,0
"Visuo-spatial skills","Channon et al 2005",2005,"PJT-shape match-% cor","Perceptual Judgesment task: Shape matching - % correct",2,2,99.4,1.7,25,759,99.4,1.7,25,-1,0,2,NA,NA,"Channon et al 2005 on diet",0,0,1.7,0,0,0.08,24,0.968421052631579,0,0.08,-0.257419288474859,0.240748230507948,-0.859289864744729,0.344451287795011,0
"Visuo-spatial skills","Channon et al 2005",2005,"PJT-shape match-speed","Perceptual Judgesment task: Shape Matching - Speed per item",2,3,1,0.4,25,759,0.8,0.3,25,1,-0.61,2,NA,NA,"Channon et al 2005 on diet",-0.565685424949238,-0.556800313562601,0.3,-0.666666666666667,-0.666666666666667,0.111111111111111,24,0.968421052631579,-0.645614035087719,0.119794808659075,-0.257419288474859,0.240748230507948,-0.859289864744729,0.344451287795011,0
"Visuo-spatial skills","Channon et al 2005",2005,"PJT-function match-% cor","Perceptual Judgesment task: Function matching -  % correct",2,4,97.4,3.9,25,759,98.8,2.2,25,-1,-0.63,2,NA,NA,"Channon et al 2005 on diet",-0.442166509298403,-0.435221485592145,2.2,-0.636363636363632,-0.636363636363632,0.165702479338843,24,0.968421052631579,-0.616267942583728,0.173614691360851,-0.257419288474859,0.240748230507948,-0.859289864744729,0.344451287795011,0
"Visuo-spatial skills","Channon et al 2005",2005,"PJT-function match-speed","Perceptual Judgesment task: Function matching - Speed per item",2,5,1.1,0.3,25,759,1,0.3,25,1,-0.33,2,NA,NA,"Channon et al 2005 on diet",-0.333333333333334,-0.328097731239093,0.3,-0.333333333333334,-0.333333333333334,0.08,24,0.968421052631579,-0.32280701754386,0.0821709243869909,-0.257419288474859,0.240748230507948,-0.859289864744729,0.344451287795011,0
"Visuo-spatial skills","Channon et al 2007",2007,"PJT-shape match-% cor","Perceptual judgement task:shape matching;  off diet - % correct ",3,6,98.2,2.8,25,1286,98.6,2,45,-1,-0.2,2,NA,NA,"Channon et al 2007 off diet",-0.172849579556615,-0.170936115576283,2,-0.199999999999996,-0.199999999999996,0.100622222222222,44,0.982857142857143,-0.196571428571424,0.101061316841888,-0.257419288474859,0.240748230507948,-0.859289864744729,0.344451287795011,0
"Visuo-spatial skills","Channon et al 2007",2007,"PJT-shape match-speed","Perceptual judgement task:shape matching; off diet vs controls - Speed per item ",3,7,0.9,0.2,25,1286,0.8,0.3,45,1,-0.19,2,NA,NA,"Channon et al 2007 off diet",-0.371767914314591,-0.367652402348009,0.3,-0.333333333333333,-0.333333333333333,0.04,44,0.982857142857143,-0.327619047619048,0.0412197072768501,-0.257419288474859,0.240748230507948,-0.859289864744729,0.344451287795011,0
"Visuo-spatial skills","Channon et al 2007",2007,"PJT-function match-% cor","Perceptual judgement: function matching;  off diet -  % correct",3,8,97,6,25,1286,98,2.6,45,-1,-0.38,2,NA,NA,"Channon et al 2007 off diet",-0.241966959247914,-0.239288358223029,2.6,-0.384615384615385,-0.384615384615385,0.235239973701512,44,0.982857142857143,-0.378021978021978,0.236863844336372,-0.257419288474859,0.240748230507948,-0.859289864744729,0.344451287795011,0
"Visuo-spatial skills","Channon et al 2007",2007,"PJT-function match-speed","Perceptual judgement: function matching; off diet vs controls - Speed per item ",3,9,1,0.2,25,1286,1,32,45,1,0,2,NA,NA,"Channon et al 2007 off diet",0,0,32,0,0,0.0222237847222222,44,0.982857142857143,0,0.0222237847222222,-0.257419288474859,0.240748230507948,-0.859289864744729,0.344451287795011,0
"Visuo-spatial skills","Nardecchia et al 2015",2015,"Rey Figure copy","Rey Figure Test with copy at second assessment - N correct",4,10,77.9,28.6,14,NA,86.8,24.3,14,-1,-0.36,3,NA,NA,"Nardecchia et al 2015",-0.335377781373674,-0.325609496479295,24.3,-0.366255144032921,-0.366255144032921,0.170373031598455,13,0.941176470588235,-0.344710723795691,0.174943242486906,-0.257419288474859,0.240748230507948,-0.859289864744729,0.344451287795011,0
"Visuo-spatial skills","Pilotto 2021",2021,"Rey Figure copy","",5,11,36,1.6,19,890,36,0.8,25,1,0,NA,NA,NA,"Pilotto et al 2021",0,0,0.8,0,0,0.250526315789474,24,0.968421052631579,0,0.250526315789474,-0.257419288474859,0.240748230507948,-0.859289864744729,0.344451287795011,0
"Visaul detection speed","Burgard et al 1997 - German",1997,"Finger motor speed","Finger motor speed exercise adults german vs controls - Time",1,1,248,42,8,870,186,80.8,8,1,-0.73,4,NA,NA,"Burgard et al 1997 - German",-0.962853650343889,-0.910334360325131,80.8,-0.767326732673267,-0.767326732673267,0.158774262327223,7,0.888888888888889,-0.682068206820682,0.192004050809764,-0.682068206820682,NA,NA,NA,0
"Simple RT-Visuo-spatial","Dawson et al 2011 - off diet",2011,"reciprocal saccade latency","Reciprocal of saccade latency",2,2,5.6,0.8,56,1461,5.9,0.1,56,-1,-3.25,NA,NA,NA,"Dawson et al 2011 - off diet",-0.526234811584219,-0.522638673919634,0.1,-3.00000000000001,-3.00000000000001,1.16071428571429,55,0.986301369863014,-2.95890410958905,1.24030622689377,-0.741623092405284,1.51740791827779,-4.53514288809975,3.05189670328918,0
"Simple RT-Visuo-spatial","Dawson et al 2011 - on diet",2011,"reciprocal saccade latency","Reciprocal of saccade latency",3,3,6,0.9,21,640,5.9,0.2,21,-1,0.33,NA,NA,NA,"Dawson et al 2011 - on diet",0.153392997769474,0.150498790264389,0.2,0.499999999999998,0.499999999999998,1.01190476190476,20,0.962025316455696,0.481012658227846,1.01768909133915,-0.741623092405284,1.51740791827779,-4.53514288809975,3.05189670328918,0
"Simple RT-Visuo-spatial","Palermo et al 2017",2017,"Simple detection-RT","Simple Detection - RT",4,4,332,52.9,37,720,316,56.9,30,1,-0.28,1,NA,NA,"Palermo et al 2017;2020;De Felice et al 2018",-0.29239363913631,-0.289006840227395,56.9,-0.281195079086116,-0.281195079086116,0.0566939921843693,29,0.973913043478261,-0.27385955528387,0.0579870793571328,-0.741623092405284,1.51740791827779,-4.53514288809975,3.05189670328918,0
"Simple RT-Visuo-spatial","Romani et al 2020",2020,"Simple detection-RT","Simple Detection - RT",5,5,325,46,19,1042,315,44.6,19,1,-0.22,1,NA,NA,"Romani et al 2020",-0.220724201082075,-0.216093623436996,44.6,-0.224215246636771,-0.224215246636771,0.10861924261074,18,0.957746478873239,-0.214741362976063,0.109900182971096,-0.741623092405284,1.51740791827779,-4.53514288809975,3.05189670328918,0
"Visual spatial attention RT","Jahja et al 2017",2017,"Memory search-low load-RT","Memory search 2 dimension task - low memory load RT",1,1,605,146,57,655,549,80,57,1,-0.7,1,NA,NA,"Jahja et al 2016;2017",-0.475705035399339,-0.472512384155048,80,-0.7,-0.7,0.0759758771929825,56,0.986547085201794,-0.690582959641255,0.0802339559800081,-0.989914785735603,0.361356709484279,-1.8933065594463,-0.0865230120249054,0
"Visual spatial attention RT","Jahja et al 2017",2017,"Memory search-high load-RT","Memory search 2 dimension task - high memory load - RT",1,2,2144,570,57,655,1875,418,57,1,-0.64,1,NA,NA,"Jahja et al 2016;2017",-0.538202402161976,-0.53459030550317,418,-0.643540669856459,-0.643540669856459,0.0501667391619545,56,0.986547085201794,-0.6348831720557,0.0537656377526644,-0.989914785735603,0.361356709484279,-1.8933065594463,-0.0865230120249054,0
"Visual spatial attention RT","Palermo et al 2017",2017,"Choice detection - RT","Choice Reaction time - RT",2,3,307,42,37,720,281,31.3,30,1,-0.82,1,NA,NA,"Palermo et al 2017;2020;De Felice et al 2018",-0.691411831412248,-0.683403200160369,31.3,-0.830670926517572,-0.830670926517572,0.0819973757096725,29,0.973913043478261,-0.809001250173635,0.0932815657576467,-0.989914785735603,0.361356709484279,-1.8933065594463,-0.0865230120249054,0
"Visual spatial attention RT","Palermo et al 2017",2017,"Detection w/distractors - RT","Detection with distractors - RT",2,4,438,70.6,37,720,407,72.2,30,1,-0.42,1,NA,NA,"Palermo et al 2017;2020;De Felice et al 2018",-0.434671159850949,-0.429636358771595,72.2,-0.429362880886427,-0.429362880886427,0.059175759425911,29,0.973913043478261,-0.418162110080694,0.0621905792587927,-0.989914785735603,0.361356709484279,-1.8933065594463,-0.0865230120249054,0
"Visual spatial attention RT","Palermo et al 2017",2017,"Feature search - RT","Feature search - RT",2,5,606,167.6,37,720,498,71.7,30,1,-1.49,1,NA,NA,"Palermo et al 2017;2020;De Felice et al 2018",-0.80833628560573,-0.79897331704659,71.7,-1.50627615062761,-1.50627615062761,0.181008678011532,29,0.973913043478261,-1.46698199017646,0.218112749727085,-0.989914785735603,0.361356709484279,-1.8933065594463,-0.0865230120249054,0
"Visual spatial attention RT","Palermo et al 2017",2017,"Conjoined search - RT","Conjoined search - RT",2,6,1008,239.7,37,720,841,126.3,30,1,-1.31,1,NA,NA,"Palermo et al 2017;2020;De Felice et al 2018",-0.846302280464775,-0.836499551347423,126.3,-1.32224861441013,-1.32224861441013,0.130681469944394,29,0.973913043478261,-1.28775517229509,0.159273080009442,-0.989914785735603,0.361356709484279,-1.8933065594463,-0.0865230120249054,0
"Visual spatial attention RT","Ris et al 1994",1994,"ADM visual search - RT","Attention Diagnostic Method - ADM visual search; unaffected siblings - Time (sec.)",3,7,461,132,25,1332,395,48,15,1,-1.35,2,NA,NA,"Ris et al 1994",-0.606207235420541,-0.594163383061192,48,-1.375,-1.375,0.369166666666667,14,0.945454545454545,-1.3,0.42952380952381,-0.989914785735603,0.361356709484279,-1.8933065594463,-0.0865230120249054,0
"Visual spatial attention RT","Romani et al 2020",2020,"Detection w/distractors - RT","Detection with distractors - RT",4,8,483,104,19,1042,430,58,19,1,-0.89,1,NA,NA,"Romani et al 2020",-0.62943770101896,-0.616232714284297,58,-0.913793103448276,-0.913793103448276,0.221853682958884,18,0.957746478873239,-0.875182127246236,0.243129898399196,-0.989914785735603,0.361356709484279,-1.8933065594463,-0.0865230120249054,0
"Visual spatial attention RT","Romani et al 2020",2020,"Feature search - RT","Feature search - RT",4,9,752,262,19,1042,586,113,19,1,-1.44,1,NA,NA,"Romani et al 2020",-0.822765753835261,-0.805504933824731,113,-1.46902654867257,-1.46902654867257,0.335570110176373,18,0.957746478873239,-1.40695500436246,0.390556843073611,-0.989914785735603,0.361356709484279,-1.8933065594463,-0.0865230120249054,0
"Visual spatial attention RT","Romani et al 2020",2020,"Conjoined search - RT","Conjoined search - RT",4,10,1152,237,19,1042,938,203,19,1,-1.03,1,NA,NA,"Romani et al 2020",-0.969836100409052,-0.949489888512359,203,-1.05418719211823,-1.05418719211823,0.124369868104949,18,0.957746478873239,-1.0096440713245,0.152686011181635,-0.989914785735603,0.361356709484279,-1.8933065594463,-0.0865230120249054,0
"Visuo-spatial attention acc","Jahja et al 2017",2017,"Memory search-low load - N err","Memory search 2 dimension task - Low memory load  - N errors",1,1,1.7,2.4,57,655,1.7,2.2,57,1,0,1,NA,NA,"Jahja et al 2016;2017",0,0,2.2,0,0,0.0384225025373351,56,0.986547085201794,0,0.0384225025373351,-0.155394014708331,0.292799060767456,-0.887391666626972,0.57660363721031,0
"Visuo-spatial attention acc","Jahja et al 2017",2017,"Memory search-high load - N err","Memory search 2 dimension task - high memory load - N errors",1,2,10.3,6.6,57,655,9.2,8,57,1,-0.14,1,NA,NA,"Jahja et al 2016;2017",-0.149996900922492,-0.148990210312274,8,-0.1375,-0.1375,0.029484649122807,56,0.986547085201794,-0.135650224215247,0.0296489436168217,-0.155394014708331,0.292799060767456,-0.887391666626972,0.57660363721031,0
"Visuo-spatial attention acc","Palermo et al 2017",2017,"Choice detection- % err","Choice Reaction time -  % errors",2,3,0.5,0.8,37,720,0.4,0.8,30,1,-0.12,1,NA,NA,"Palermo et al 2017;2020;De Felice et al 2018",-0.125,-0.123552123552124,0.8,-0.125,-0.125,0.0603603603603604,29,0.973913043478261,-0.121739130434783,0.0606158847720676,-0.155394014708331,0.292799060767456,-0.887391666626972,0.57660363721031,0
"Visuo-spatial attention acc","Palermo et al 2017",2017,"Detection w/distractors - % err","Detection with distractors - % errors",2,4,0.8,1.1,37,720,0.6,0.6,30,1,-0.33,1,NA,NA,"Palermo et al 2017;2020;De Felice et al 2018",-0.219426862868128,-0.216885238973902,0.6,-0.333333333333333,-0.333333333333333,0.124174174174174,29,0.973913043478261,-0.32463768115942,0.125991236657425,-0.155394014708331,0.292799060767456,-0.887391666626972,0.57660363721031,0
"Visuo-spatial attention acc","Palermo et al 2017",2017,"Feature search - % err","Feature search - % errors",2,5,1.6,2.6,37,720,2,2.3,30,1,0.17,1,NA,NA,"Palermo et al 2017;2020;De Felice et al 2018",0.161900151783799,0.160024860450395,2.3,0.173913043478261,0.173913043478261,0.0678707062449974,29,0.973913043478261,0.16937618147448,0.0683653319493228,-0.155394014708331,0.292799060767456,-0.887391666626972,0.57660363721031,0
"Visuo-spatial attention acc","Palermo et al 2017",2017,"Conjunction search - % err","Conjoined Search - % errors",2,6,2.4,2.7,37,720,3.1,4.4,30,1,0.16,1,NA,NA,"Palermo et al 2017;2020;De Felice et al 2018",0.196617757352153,0.194340331591318,4.4,0.159090909090909,0.159090909090909,0.0435103491921674,29,0.973913043478261,0.154940711462451,0.0439242565036931,-0.155394014708331,0.292799060767456,-0.887391666626972,0.57660363721031,0
"Visuo-spatial attention acc","Romani et al 2020",2020,"Detection w/distractors - % err","Detection with distractors - % errors",3,7,0.8,0.6,19,1042,0.5,1.1,19,1,-0.27,1,NA,NA,"Romani et al 2020",-0.33859958878986,-0.33149610091315,1.1,-0.272727272727273,-0.272727272727273,0.0682905611135276,18,0.957746478873239,-0.261203585147247,0.0701857642494658,-0.155394014708331,0.292799060767456,-0.887391666626972,0.57660363721031,0
"Visuo-spatial attention acc","Romani et al 2020",2020,"Feature search - % err","Conjoined search - RT",3,8,1.6,4.7,19,1042,0.6,1.2,19,1,-0.82,1,NA,NA,"Romani et al 2020",-0.291543950465661,-0.285427643812535,1.2,-0.833333333333333,-0.833333333333333,0.860014619883041,18,0.957746478873239,-0.7981220657277,0.877709031877526,-0.155394014708331,0.292799060767456,-0.887391666626972,0.57660363721031,0
"Visuo-spatial attention acc","Romani et al 2020",2020,"Conjunction search - % err","Conjoined search - RT",3,9,3.2,4.7,19,1042,2.8,4.7,19,1,-0.08,1,NA,NA,"Romani et al 2020",-0.0851063829787235,-0.0833209343847642,4.7,-0.0851063829787235,-0.0851063829787235,0.105263157894737,18,0.957746478873239,-0.0815103386275098,0.105447711653158,-0.155394014708331,0.292799060767456,-0.887391666626972,0.57660363721031,0
"Visuo motor control","Bartus et al 2018",2018,"Motor screening test-Err score","Motor screening test (error raw score)",1,1,10.1,2.1,46,595,8.5,1.9,31,1,-0.81,1,NA,NA,"Bartus et al 2018",-0.791149082294638,-0.783211131636163,1.9,-0.842105263157895,-0.842105263157895,0.0588147307813344,30,0.974789915966387,-0.820875718708536,0.0700453465407553,-0.593419369537554,0.601275069710957,-2.09660704381495,0.909768304739838,0
"Visuo motor control","Palermo et al 2017",2017,"Grooved pegboard - Time ","Grooved pegboard - Time (sec.)",2,2,65.1,11.7,37,720,59.2,5.1,30,1,-1.14,1,NA,NA,"Palermo et al 2017;2020;De Felice et al 2018",-0.631023399722203,-0.623714248374069,5.1,-1.15686274509804,-1.15686274509804,0.175575921942704,29,0.973913043478261,-1.12668371696505,0.197462408116397,-0.593419369537554,0.601275069710957,-2.09660704381495,0.909768304739838,0
"Visuo motor control","Pietz et al 1998",1998,"Long pins/ short pins pegboard-Time","MLS Long pins/ short pins pegboard -  Time (sec.)",3,3,452,72.2,57,1085,430,77.5,40,-1,0.28,4,NA,NA,"Pietz et al 1998",0.29561360494874,0.293273655569199,77.5,0.283870967741935,0.283870967741935,0.0402263614290669,39,0.980645161290323,0.27837669094693,0.0412198688914075,-0.593419369537554,0.601275069710957,-2.09660704381495,0.909768304739838,0
"Visuo motor control","Pietz et al 1998",1998,"Slow Video Tracking-Level dist","Slow Video Tracking task level distance",3,4,17.2,6.7,57,1085,13.1,3.5,40,1,-1.16,4,NA,NA,"Pietz et al 1998",-0.730625158879399,-0.724841846276132,3.5,-1.17142857142857,-1.17142857142857,0.0892892946652345,39,0.980645161290323,-1.14875576036866,0.106207753600878,-0.593419369537554,0.601275069710957,-2.09660704381495,0.909768304739838,0
"Visuo motor control","Pietz et al 1998",1998,"Slow Video Tracking-Stability dist","Slow Video Tracking task stability distance",3,5,6.5,3,57,1085,4.9,3.6,40,1,-0.44,4,NA,NA,"Pietz et al 1998",-0.490841788922919,-0.486956497717724,3.6,-0.444444444444444,-0.444444444444444,0.0371832358674464,39,0.980645161290323,-0.43584229390681,0.0396186013181893,-0.593419369537554,0.601275069710957,-2.09660704381495,0.909768304739838,0
"Visuo motor control","Pietz et al 1998",1998,"Fast Video Tracking - Level dist","Fast Video Tracking task level distance",3,6,37.9,15.2,57,1085,26.5,8.6,40,1,-1.32,4,NA,NA,"Pietz et al 1998",-0.88333742624656,-0.876345309416112,8.6,-1.32558139534884,-1.32558139534884,0.0798043987741121,39,0.980645161290323,-1.29992498124531,0.101468564887774,-0.593419369537554,0.601275069710957,-2.09660704381495,0.909768304739838,0
"Visuo motor control","Pietz et al 1998",1998,"Fast Video Tracking - Stability dist","Fast Video Tracking task stability distance",3,7,16.6,11.8,57,1085,8.5,6.4,40,1,-1.26,4,NA,NA,"Pietz et al 1998",-0.814518969039248,-0.80807158933709,6.4,-1.265625,-1.265625,0.0846388432017544,39,0.980645161290323,-1.24112903225806,0.104387577492957,-0.593419369537554,0.601275069710957,-2.09660704381495,0.909768304739838,0
"Visuo motor control","Pietz et al 1998",1998,"MLS steadiness - N err","MLS steadiness N error",3,8,4.7,6,57,1085,3.1,4.7,40,1,-0.34,4,NA,NA,"Pietz et al 1998",-0.290718965464784,-0.288417759933401,4.7,-0.340425531914894,-0.340425531914894,0.0535911700936361,39,0.980645161290323,-0.333836650652025,0.0550199766233612,-0.593419369537554,0.601275069710957,-2.09660704381495,0.909768304739838,0
"Visuo motor control","Pietz et al 1998",1998,"MLS steadiness - Duration","MLS steadiness duration - Does not specify but assume seconds",3,9,3,4.9,57,1085,1.7,3.5,40,1,-0.37,4,NA,NA,"Pietz et al 1998",-0.296820591194324,-0.294471087833947,3.5,-0.371428571428571,-0.371428571428571,0.0593859649122807,39,0.980645161290323,-0.364239631336406,0.0610868688742817,-0.593419369537554,0.601275069710957,-2.09660704381495,0.909768304739838,0
"Visuo motor control","Pietz et al 1998",1998,"MLS line following - N err","MLS line following N error",3,10,19.6,10.9,57,1085,15.1,9.4,40,1,-0.47,4,NA,NA,"Pietz et al 1998",-0.436441992444672,-0.432987306488646,9.4,-0.478723404255319,-0.478723404255319,0.0485897008251729,39,0.980645161290323,-0.46945778997941,0.0514152215504595,-0.593419369537554,0.601275069710957,-2.09660704381495,0.909768304739838,0
"Visuo motor control","Pietz et al 1998",1998,"MLS line following - Duration ","MLS line following duration ",3,11,14.4,11.8,57,1085,10.7,8.6,40,1,-0.43,4,NA,NA,"Pietz et al 1998",-0.34893109980149,-0.346169112204116,8.6,-0.430232558139535,-0.430232558139535,0.0580287590257418,39,0.980645161290323,-0.421905476369092,0.0603108645512575,-0.593419369537554,0.601275069710957,-2.09660704381495,0.909768304739838,0
"Visuo motor control","Pietz et al 1998",1998,"MLS rotor circle - N err","MLS rotor circle - N error",3,12,35,12,57,1085,33,12,40,1,-0.17,4,NA,NA,"Pietz et al 1998",-0.166666666666667,-0.165347405452946,12,-0.166666666666667,-0.166666666666667,0.0425438596491228,39,0.980645161290323,-0.163440860215054,0.0428863329156335,-0.593419369537554,0.601275069710957,-2.09660704381495,0.909768304739838,0
"Visuo motor control","Pietz et al 1998",1998,"MLS rotor circle - Duration ","MLS rotor circle duration ",3,13,101,52,57,1085,89,58,40,1,-0.21,4,NA,NA,"Pietz et al 1998",-0.220009585421742,-0.21826808474558,58,-0.206896551724138,-0.206896551724138,0.0391018420009596,39,0.980645161290323,-0.202892102335929,0.0396296010418608,-0.593419369537554,0.601275069710957,-2.09660704381495,0.909768304739838,0
"Visuo motor control","Pilotto 2021",2021,"TMT A","",4,14,29,13.6,19,890,20,5.5,25,1,-1.61,1,NA,NA,"Pilotto et al 2021",-0.915918290422473,-0.899464668438836,5.5,-1.63636363636364,-1.63636363636364,0.361809482383645,24,0.968421052631579,-1.58468899521531,0.414126965957739,-0.593419369537554,0.601275069710957,-2.09660704381495,0.909768304739838,0
"Visuo motor control","Romani et al 2020",2020,"Grooved pegboard - Time ","Grooved pegboard - Time (sec.)",5,15,76.7,11,19,1042,70.6,9,19,-1,0.66,NA,NA,NA,"Romani et al 2020",0.606972686028094,0.594238993314218,9,0.677777777777779,0.677777777777779,0.131254061078622,18,0.957746478873239,0.649139280125197,0.142959111217552,-0.593419369537554,0.601275069710957,-2.09660704381495,0.909768304739838,0
"Visuo motor control","Weglage et al 2013",2013,"TMT - Time at baseline","TMT (ZVT); only  T1",6,16,93.2,63.6,57,810,77,19.7,46,1,-0.82,3,NA,NA,"Weglage et al 2013",-0.329607417879049,-0.327153764644217,19.7,-0.822335025380711,-0.822335025380711,0.204594165417173,45,0.983240223463687,-0.808552874117347,0.211858140419877,-0.593419369537554,0.601275069710957,-2.09660704381495,0.909768304739838,0
"Naming RT","De Felice et al 2018",2018,"Block Cyclic Naming-RT","Block cyclic naming -  RT (ms)",1,1,704.5,147.3,15,751,679,143.1,24,1,-0.17,1,NA,NA,"Palermo et al 2017;2020;De Felice et al 2018",-0.17622238131814,-0.172626006189199,143.1,-0.178197064989518,-0.178197064989518,0.112304109219777,23,0.967032967032967,-0.17232243647338,0.112949653178736,-0.608956817164246,0.655516400309789,-2.24774781793872,1.02983418361023,0
"Naming RT","Palermo et al 2017",2017,"Continuous Picture Naming-RT ","Picture Naming - RT (ms)",1,2,897,138.9,37,720,835,175.1,30,1,-0.35,1,NA,NA,"Palermo et al 2017;2020;De Felice et al 2018",-0.397202962046129,-0.392602155535942,175.1,-0.354083380925186,-0.354083380925186,0.050340441553719,29,0.973913043478261,-0.34484642316192,0.0523907700979875,-0.608956817164246,0.655516400309789,-2.24774781793872,1.02983418361023,0
"Naming RT","Palermo et al 2017",2017,"Colour Naming-RT","Colour Naming - RT (ms)",1,3,731,141.8,37,720,617,98.2,30,1,-1.15,1,NA,NA,"Palermo et al 2017;2020;De Felice et al 2018",-0.917486498444837,-0.906859241706094,98.2,-1.16089613034623,-1.16089613034623,0.0896877244839133,29,0.973913043478261,-1.13061188346763,0.111727090536297,-0.608956817164246,0.655516400309789,-2.24774781793872,1.02983418361023,0
"Naming RT","Palermo et al 2017",2017,"Word Reading-RT","Word Reading - RT (ms)",1,4,574,120,37,720,507,93.3,30,1,-0.71,1,NA,NA,"Palermo et al 2017;2020;De Felice et al 2018",-0.615246072165054,-0.608119669784764,93.3,-0.718113612004287,-0.718113612004287,0.0780425932078624,29,0.973913043478261,-0.699380213430262,0.0864759153274789,-0.608956817164246,0.655516400309789,-2.24774781793872,1.02983418361023,0
"Naming RT","Palermo et al 2017",2017,"Non-word reading-RT","Non-word reading - RT (ms)",1,5,795,296.7,37,720,604,103.6,30,1,-1.82,1,NA,NA,"Palermo et al 2017;2020;De Felice et al 2018",-0.825424717183169,-0.815863813123132,103.6,-1.84362934362934,-1.84362934362934,0.255006873833181,29,0.973913043478261,-1.79553466509988,0.310592127860342,-0.608956817164246,0.655516400309789,-2.24774781793872,1.02983418361023,0
"Naming RT","Sundermann et al 2011 - Gr1",2011,"Stroop: neutral condition-RT","Stroop: neutral condition - RT - Group 1 Placebo second session",2,6,879.9,120.7,9,1140,889,154.1,15,1,0.06,1,NA,NA,"Sundermann et al 2011 - Gr1",0.0636983210791514,0.0615018272488358,154.1,0.0590525632706037,0.0590525632706037,0.134832500777063,14,0.945454545454545,0.0558315143649344,0.134943827848359,-0.608956817164246,0.655516400309789,-2.24774781793872,1.02983418361023,0
"Naming RT","Sundermann et al 2011 - Gr2",2011,"Stroop: neutral condition-RT","Stroop: neutral condition - RT - Group 2 Placebo first session",3,7,863.3,175.1,8,1210,838.1,135.5,15,1,-0.18,1,NA,NA,"Sundermann et al 2011 - Gr2",-0.168148896380616,-0.162071225427099,135.5,-0.185977859778597,-0.185977859778597,0.27540572250741,14,0.945454545454545,-0.175833612881583,0.276509917486659,-0.608956817164246,0.655516400309789,-2.24774781793872,1.02983418361023,0
"Language Accuracy","De Felice et al 2018",2018,"Block Cyclic Naming 1st cycle - % err","Block Cyclic Naming - %  errors (1st cycle errors)",1,1,0.4,2,15,751,0.2,1.8,24,1,-0.11,1,NA,NA,"Palermo et al 2017;2020;De Felice et al 2018",-0.106485953774245,-0.104312771044158,1.8,-0.111111111111111,-0.111111111111111,0.123971193415638,23,0.967032967032967,-0.107448107448107,0.12422217375899,-0.248670969830083,0.381619160920739,-1.20271887213193,0.705376932471764,0
"Language Accuracy","De Felice et al 2018",2018,"Verbal Narrative - % err","Verbal Narrative - %  Error/ total words",1,2,2.1,1.4,33,751,1.8,1.7,32,1,-0.17,1,NA,NA,"Palermo et al 2017;2020;De Felice et al 2018",-0.192942241839966,-0.190636159268174,1.7,-0.176470588235294,-0.176470588235294,0.0518015361224704,31,0.975609756097561,-0.172166427546628,0.0522796212639892,-0.248670969830083,0.381619160920739,-1.20271887213193,0.705376932471764,0
"Language Accuracy","Palermo et al 2017",2017,"Continuous Picture Naming - % err","Picture Naming - % errors",1,3,8.5,11,37,720,7.1,5.1,30,1,-0.27,1,NA,NA,"Palermo et al 2017;2020;De Felice et al 2018",-0.157892659835732,-0.156063787327982,5.1,-0.274509803921569,-0.274509803921569,0.159064600933113,29,0.973913043478261,-0.267348678601876,0.160296933966737,-0.248670969830083,0.381619160920739,-1.20271887213193,0.705376932471764,0
"Language Accuracy","Palermo et al 2017",2017,"Colour Naming - % err","Colour Naming - % errors",1,4,0.1,0.2,37,720,0.1,0.2,30,1,0,1,NA,NA,"Palermo et al 2017;2020;De Felice et al 2018",0,0,0.2,0,0,0.0603603603603604,29,0.973913043478261,0,0.0603603603603604,-0.248670969830083,0.381619160920739,-1.20271887213193,0.705376932471764,0
"Language Accuracy","Palermo et al 2017",2017,"Word Reading - % err","Word Reading - % errors",1,5,0.7,1,37,720,0.6,0.8,30,1,-0.12,1,NA,NA,"Palermo et al 2017;2020;De Felice et al 2018",-0.10914893373767,-0.107884660373914,0.8,-0.125,-0.125,0.0755630630630631,29,0.973913043478261,-0.121739130434783,0.0758185874747702,-0.248670969830083,0.381619160920739,-1.20271887213193,0.705376932471764,0
"Language Accuracy","Palermo et al 2017",2017,"Non-word reading - % err","Non-word reading - % errors",1,6,7.9,10.8,37,720,5.8,5.7,30,1,-0.36,1,NA,NA,"Palermo et al 2017;2020;De Felice et al 2018",-0.236124804740135,-0.233389768391793,5.7,-0.368421052631579,-0.368421052631579,0.130361109031469,29,0.973913043478261,-0.358810068649886,0.132580844641203,-0.248670969830083,0.381619160920739,-1.20271887213193,0.705376932471764,0
"Language Accuracy","Pilotto et al 2021",2021,"Token test","",2,7,36,0,19,890,36,3.6e-05,25,-1,0,2,NA,NA,"Pilotto et al 2021",NA,NA,0,0,0,0.04,24,0.968421052631579,0,0.04,-0.248670969830083,0.381619160920739,-1.20271887213193,0.705376932471764,0
"Language Accuracy","Pilotto et al 2021",2021,"Boston Naming","",2,8,15,0.8,19,890,15,1.5e-05,25,-1,0,2,NA,NA,"Pilotto et al 2021",0,0,0,0,0,149707602.379181,24,0.968421052631579,0,149707602.379181,-0.248670969830083,0.381619160920739,-1.20271887213193,0.705376932471764,0
"Spelling","Palermo et al 2017",2017,"Word Spelling - % err","Word Spelling - % errors",1,1,3.9,4.7,37,720,4.8,5.7,30,1,0.16,1,NA,NA,"Palermo et al 2017;2020;De Felice et al 2018",0.174077655955698,0.172061312450419,5.7,0.157894736842105,0.157894736842105,0.0517090497699916,29,0.973913043478261,0.153775743707094,0.0521167563105549,-0.0128146453089245,0.235594387507463,-0.601800614077583,0.576171323459734,0
"Spelling","Palermo et al 2017",2017,"Non-Word Spelling - % err","Non - Word Spelling - % errors",1,2,13.3,8.2,37,720,11.9,7.6,30,1,-0.18,1,NA,NA,"Palermo et al 2017;2020;De Felice et al 2018",-0.176368777783977,-0.174325896188024,7.6,-0.18421052631579,-0.18421052631579,0.0647962366798932,29,0.973913043478261,-0.179405034324943,0.0653511705823265,-0.0128146453089245,0.235594387507463,-0.601800614077583,0.576171323459734,0
"Phonological Tasks","Palermo et al 2017",2017,"Phoneme Deletion - % err","Phoneme Deletion - % errors",1,1,14.5,13.1,37,720,11.2,8.7,30,1,-0.37,1,NA,NA,"Palermo et al 2017;2020;De Felice et al 2018",-0.290757449510854,-0.287389602605323,8.7,-0.379310344827586,-0.379310344827586,0.0946110200569178,29,0.973913043478261,-0.369415292353823,0.0969639107159671,-0.487210939984553,0.166588202467901,-0.903681446154304,-0.0707404338148017,0
"Phonological Tasks","Palermo et al 2017",2017,"Spoonerisms  - % err","Spoonerisms  - % errors",1,2,10.9,14.7,37,720,6.8,6.6,30,1,-0.61,1,NA,NA,"Palermo et al 2017;2020;De Felice et al 2018",-0.347613597761294,-0.343587185432012,6.6,-0.621212121212121,-0.621212121212121,0.167407490134763,29,0.973913043478261,-0.605006587615283,0.173718403428864,-0.487210939984553,0.166588202467901,-0.903681446154304,-0.0707404338148017,0
"Social Cognition","Jahja et al 2016",2016,"Reading the mind in the eyes-Score","Reading the mind in the eyes (RME) - high score indicate better ability to recognise emotions . (ToM)",1,1,24.4,3.9,56,657,26.1,3.6,53,-1,-0.47,1,NA,NA,"Jahja et al 2016;2017",-0.452464758096413,-0.449285848788944,3.6,-0.472222222222223,-0.472222222222223,0.0398252657981432,52,0.985507246376812,-0.465378421900162,0.0419077376786267,-0.435568564081369,0.310475861913402,-1.21175821886488,0.340621090702137,0
"Social Cognition","Jahja et al 2016",2016,"ANT Facial Recognition  - % err","ANT Facial Recognition  - % errors",1,2,7.1,3.5,56,657,5.6,3.4,53,1,-0.44,1,NA,NA,"Jahja et al 2016;2017",-0.434560449155385,-0.431507331245629,3.4,-0.441176470588235,-0.441176470588235,0.0377909349089247,52,0.985507246376812,-0.434782608695652,0.0396085879553112,-0.435568564081369,0.310475861913402,-1.21175821886488,0.340621090702137,0
"Social Cognition","Jahja et al 2016",2016,"ANT Facial Recognition-RT","ANT Facial Recognition - RT",1,3,1197,272,56,657,1133,221,53,1,-0.29,1,NA,NA,"Jahja et al 2016;2017",-0.257518746481719,-0.255709481283955,221,-0.289592760180996,-0.289592760180996,0.0459177977320212,52,0.985507246376812,-0.285395763656633,0.0467009779427246,-0.435568564081369,0.310475861913402,-1.21175821886488,0.340621090702137,0
"Social Cognition","Jahja et al 2016",2016,"ANT identification of facial emotions-% err","ANT identification of facial emotions - % errors",1,4,5.7,3.1,56,657,4.6,2.5,53,1,-0.44,1,NA,NA,"Jahja et al 2016;2017",-0.389466484691742,-0.386730186204447,2.5,-0.44,-0.44,0.0463250673854447,52,0.985507246376812,-0.433623188405797,0.0481330392077833,-0.435568564081369,0.310475861913402,-1.21175821886488,0.340621090702137,0
"Social Cognition","Jahja et al 2016",2016,"ANT identification of facial emotions-RT","ANT identification of facial emotions - RT",1,5,874,182,56,657,796,157,53,1,-0.49,1,NA,NA,"Jahja et al 2016;2017",-0.457989855924214,-0.454772128599219,157,-0.496815286624204,-0.496815286624204,0.042864841238919,52,0.985507246376812,-0.489615065078926,0.0451698692384597,-0.435568564081369,0.310475861913402,-1.21175821886488,0.340621090702137,0
"Social Cognition","Jahja et al 2016",2016,"Faux-pas Recogntion Test - Score","Faux - pas Recogntion Test Score - High score indicate better ability ",1,6,49.2,5.1,56,657,51.3,4.6,53,-1,-0.45,1,NA,NA,"Jahja et al 2016;2017",-0.431793663294081,-0.428759984160867,4.6,-0.456521739130434,-0.456521739130434,0.0408180325488258,52,0.985507246376812,-0.449905482041587,0.0427643300754707,-0.435568564081369,0.310475861913402,-1.21175821886488,0.340621090702137,0
"Social Cognition","Palermo et al 2020",2020,"Identity Test Accuracy - N correct","Identity Test Accuracy - N correct",2,7,21.5,0.7,20,670,21.4,1,25,-1,0.1,2,NA,NA,"Palermo et al 2017;2020;De Felice et al 2018",0.113617940156597,0.111624642960868,1,0.100000000000001,0.100000000000001,0.0645,24,0.968421052631579,0.0968421052631593,0.0646953831948292,-0.435568564081369,0.310475861913402,-1.21175821886488,0.340621090702137,0
"Social Cognition","Palermo et al 2020",2020,"Identity Test  - Time ","Identity Test  - Time (sec,)",2,8,2.8,1.1,20,670,2.2,0.7,25,1,-0.84,2,NA,NA,"Palermo et al 2017;2020;De Felice et al 2018",-0.66743361160439,-0.655724249997296,0.7,-0.857142857142857,-0.857142857142857,0.163469387755102,24,0.968421052631579,-0.830075187969924,0.177824071456838,-0.435568564081369,0.310475861913402,-1.21175821886488,0.340621090702137,0
"Social Cognition","Palermo et al 2020",2020,"Affect Selection - N correct","Affect Selection - N correct",2,9,18.5,2,20,670,18.2,2,25,-1,0.15,2,NA,NA,"Palermo et al 2017;2020;De Felice et al 2018",0.15,0.147368421052632,2,0.15,0.15,0.09,24,0.968421052631579,0.145263157894737,0.0904396121883656,-0.435568564081369,0.310475861913402,-1.21175821886488,0.340621090702137,0
"Social Cognition","Palermo et al 2020",2020,"Affect Selection - Time ","Affect Selection - Time (sec.)",2,10,5.6,1.2,20,670,4.7,1.3,25,1,-0.68,2,NA,NA,"Palermo et al 2017;2020;De Felice et al 2018",-0.716106966366863,-0.703543686255164,1.3,-0.692307692307692,-0.692307692307692,0.082603550295858,24,0.968421052631579,-0.670445344129554,0.0919680702847121,-0.435568564081369,0.310475861913402,-1.21175821886488,0.340621090702137,0
"Social Cognition","Palermo et al 2020",2020,"3 Face Test - Accuracy - N correct","3 Face Test - Accuracy - N correct",2,11,23.1,2.9,20,670,22.6,4.8,25,-1,0.1,2,NA,NA,"Palermo et al 2017;2020;De Felice et al 2018",0.122810533825563,0.120655963056694,4.8,0.104166666666667,0.104166666666667,0.0582508680555556,24,0.968421052631579,0.100877192982456,0.0584628723902226,-0.435568564081369,0.310475861913402,-1.21175821886488,0.340621090702137,0
"Social Cognition","Palermo et al 2020",2020,"3 Face Test - Time ","3 Face Test - Time (sec.)",2,12,5.5,2,20,670,4.5,1.9,25,1,-0.52,2,NA,NA,"Palermo et al 2017;2020;De Felice et al 2018",-0.514186351943857,-0.50516553875186,1.9,-0.526315789473684,-0.526315789473684,0.0954016620498615,24,0.968421052631579,-0.509695290858726,0.100813938914936,-0.435568564081369,0.310475861913402,-1.21175821886488,0.340621090702137,0
"Social Cognition","Smith et al 1996 - High Phe",1996,"Face memory","standard score",3,14,9.6,2.1,11,1545,11.9,2.8,22,-1,-0.8,NA,NA,NA,"Smith et al 1996 - High Phe",-0.886351212974411,-0.864732890706742,2.8,-0.821428571428572,-0.821428571428572,0.0965909090909091,21,0.963855421686747,-0.791738382099828,0.111515901131148,-0.435568564081369,0.310475861913402,-1.21175821886488,0.340621090702137,0
"Social Cognition","Smith et al 1996 - High Phe",1996,"Face closure","number correct",3,16,24.5,4.1,11,1545,28,4.5,22,-1,-0.75,NA,NA,NA,"Smith et al 1996 - High Phe",-0.800006320022225,-0.780493970753391,4.5,-0.777777777777778,-0.777777777777778,0.120920314253648,21,0.963855421686747,-0.749665327978581,0.134301221491106,-0.435568564081369,0.310475861913402,-1.21175821886488,0.340621090702137,0
"Social Cognition","Smith et al 1996 - Low Phe",1996,"Face memory","standard score",4,13,10.4,3.6,11,566,11.9,2.8,22,-1,-0.52,NA,NA,NA,"Smith et al 1996 - Low Phe",-0.486879232072148,-0.475004128850876,2.8,-0.535714285714286,-0.535714285714286,0.195732838589981,21,0.963855421686747,-0.516351118760757,0.202080897586303,-0.435568564081369,0.310475861913402,-1.21175821886488,0.340621090702137,0
"Social Cognition","Smith et al 1996 - Low Phe",1996,"Face closure","number correct",4,15,24.8,4.5,11,566,28,4.5,22,-1,-0.69,NA,NA,NA,"Smith et al 1996 - Low Phe",-0.711111111111111,-0.693766937669376,4.5,-0.711111111111111,-0.711111111111111,0.136363636363636,21,0.963855421686747,-0.685408299866131,0.147548982495193,-0.435568564081369,0.310475861913402,-1.21175821886488,0.340621090702137,0
"IQ","Abgottspon et al. ",2022,"WAIS- IV short form ","matrix, symbol search, vocabulary, arthmetic",1,1,97,11.9,20,702,105.1,13.7,40,-1,-0.58,1,NA,NA,"Abgottspon et al., 2022",-0.616554015641036,-0.60854682063271,13.7,-0.591240875912408,-0.591240875912408,0.0627244392349086,39,0.980645161290323,-0.579797504120555,0.0670342487962474,-0.638046561584837,0.490519955616128,-1.86434645062516,0.588253327455482,0
"IQ","Burgard et al 1997 - German",1997,"WISC-R & WAIS-R","WISC-R & WAIS-R - German Group",2,2,104.5,10.5,8,870,104.5,11.3,15,-1,0,4,NA,NA,"Burgard et al 1997 - German",0,0,11.3,0,0,0.174594068969118,14,0.945454545454545,0,0.174594068969118,-0.638046561584837,0.490519955616128,-1.86434645062516,0.588253327455482,0
"IQ","Channon et al 2004",2004,"WASI - Performance Index","WASI - Performance Index",3,3,112.3,9.7,20,859,114.7,10.4,20,-1,-0.22,2,NA,NA,"Channon et al 2004",-0.238661284878542,-0.23391966994718,10.4,-0.230769230769231,-0.230769230769231,0.0934957470414201,19,0.96,-0.221538461538462,0.0947873073030209,-0.638046561584837,0.490519955616128,-1.86434645062516,0.588253327455482,0
"IQ","Channon et al 2004",2004,"WASI - Verbal Index","WASI - Verbal Index",3,4,108.6,9.5,20,859,107.2,10.8,20,-1,0.12,2,NA,NA,"Channon et al 2004",0.137649070695897,0.134914320946972,10.8,0.129629629629629,0.129629629629629,0.088687414266118,19,0.96,0.124444444444444,0.0890949516280413,-0.638046561584837,0.490519955616128,-1.86434645062516,0.588253327455482,0
"IQ","Channon et al 2005",2005,"WASI - Full scale-on diet","WASI - Full scale - on diet",3,5,107,12,25,759,107.3,10.4,25,-1,-0.02,2,NA,NA,"Channon et al 2005 on diet",-0.0267176437454659,-0.026297994890825,10.4,-0.0288461538461536,-0.0288461538461536,0.0932544378698225,24,0.968421052631579,-0.0279352226720645,0.0932706957170254,-0.638046561584837,0.490519955616128,-1.86434645062516,0.588253327455482,0
"IQ","Channon et al 2007",2007,"WASI - Full scale-off diet","WASI - Full scale - off diet",3,6,101.5,14.6,25,1286,107,8.9,45,-1,-0.61,2,NA,NA,"Channon et al 2007 off diet",-0.489035799268125,-0.483622118833422,8.9,-0.617977528089888,-0.617977528089888,0.129865196594145,44,0.982857142857143,-0.607383627608347,0.134057411038312,-0.638046561584837,0.490519955616128,-1.86434645062516,0.588253327455482,0
"IQ","De Felice et al 2018",2018,"WASI - Full scale","WASI - Full scale",4,7,103,13.9,38,751,113.9,9.7,39,-1,-1.11,1,NA,NA,"Palermo et al 2017;2020;De Felice et al 2018",-0.911538213280414,-0.902392344919741,9.7,-1.12371134020619,-1.12371134020619,0.0796794323177238,38,0.980132450331126,-1.10138594934116,0.0956406298099097,-0.638046561584837,0.490519955616128,-1.86434645062516,0.588253327455482,0
"IQ","Jahja et al 2017",2017,"WISC-III and WAIS III Vocab/Block Design","WISC-III and WAIS III Vocabulary and Block Design",5,8,100,12,57,655,108,11,57,-1,-0.72,1,NA,NA,"Jahja et al 2016;2017",-0.694995588420911,-0.690331188498623,11,-0.727272727272727,-0.727272727272727,0.0384225025373351,56,0.986547085201794,-0.717488789237668,0.0430188432755648,-0.638046561584837,0.490519955616128,-1.86434645062516,0.588253327455482,0
"IQ","Moyle et al 2007",2007,"WAIS III - Perceptual Organisation Index ","WAIS III - Perceptual Organisation Index ",6,9,101,19.7,12,NA,115,14.2,12,-1,-0.95,1,NA,NA,"Moyle et al 2007",-0.815298086240049,-0.787184359128324,14.2,-0.985915492957746,-0.985915492957746,0.243722310388151,11,0.930232558139535,-0.917130691123485,0.281955433324543,-0.638046561584837,0.490519955616128,-1.86434645062516,0.588253327455482,0
"IQ","Moyle et al 2007",2007,"WAIS III - Processing Speed Index ","WAIS III - Processing Speed Index ",6,10,92,12.5,12,NA,106,12.5,12,-1,-1.08,1,NA,NA,"Moyle et al 2007",-1.12,-1.08137931034483,12.5,-1.12,-1.12,0.166666666666667,11,0.930232558139535,-1.04186046511628,0.21600635888359,-0.638046561584837,0.490519955616128,-1.86434645062516,0.588253327455482,0
"IQ","Moyle et al 2007",2007,"WAIS III - Working Memory Index ","WAIS III - Working Memory Index ",6,11,103,19.7,12,NA,101,12.5,12,-1,0.15,1,NA,NA,"Moyle et al 2007",0.121229934081347,0.117049591526818,12.5,0.16,0.16,0.290314666666667,11,0.930232558139535,0.148837209302326,0.29132159916089,-0.638046561584837,0.490519955616128,-1.86434645062516,0.588253327455482,0
"IQ","Nardecchia et al 2015",2015,"WAIS-R - Full scale","WAIS-R - Full scale",7,12,97.6,10.8,14,NA,114.1,8.9,14,-1,-1.79,3,NA,NA,"Nardecchia et al 2015",-1.6673898524616,-1.61882509947728,8.9,-1.85393258426966,-1.85393258426966,0.176610096127834,13,0.941176470588235,-1.74487772637145,0.293710029973495,-0.638046561584837,0.490519955616128,-1.86434645062516,0.588253327455482,0
"IQ","Pietz et al 1998",1998,"WAIS-R - Full scale","WAIS-R - Full scale",8,13,97.6,15.7,57,1085,105.5,16.1,40,-1,-0.49,4,NA,NA,"Pietz et al 1998",-0.497937944162608,-0.493996482863168,16.1,-0.490683229813665,-0.490683229813665,0.0416829441954874,39,0.980645161290323,-0.481186135043078,0.0446514069718681,-0.638046561584837,0.490519955616128,-1.86434645062516,0.588253327455482,0
"IQ","Ris et al 1994",1994,"WAIS-R - Full scale","WAIS-R - Full scale",9,14,90,11,25,1332,100,9,15,-1,-1.09,2,NA,NA,"Ris et al 1994",-0.970082434981039,-0.950809274021151,9,-1.11111111111111,-1.11111111111111,0.12641975308642,14,0.945454545454545,-1.05050505050505,0.165832640984156,-0.638046561584837,0.490519955616128,-1.86434645062516,0.588253327455482,0
"IQ","Romani et al 2020",2020,"WAIS - Full scale","WAIS - Full scale",10,15,98.9,15,19,1042,110.1,12,19,-1,-0.91,1,NA,NA,"Romani et al 2020",-0.824555394692187,-0.807257029768574,12,-0.933333333333332,-0.933333333333332,0.134868421052632,18,0.957746478873239,-0.893896713615023,0.157064291458513,-0.638046561584837,0.490519955616128,-1.86434645062516,0.588253327455482,0
"IQ","Smith et al 1996 - High Phe",1996,"WAIS - Full scale","WAIS - Full scale",11,16,95,7.3,11,1545,101,9.3,22,-1,-0.63,NA,NA,NA,"Smith et al 1996 - High Phe",-0.689244049808552,-0.672433219325416,9.3,-0.645161290322581,-0.645161290322581,0.101467326753487,21,0.963855421686747,-0.621842207539837,0.11067417749344,-0.638046561584837,0.490519955616128,-1.86434645062516,0.588253327455482,0
"IQ","Smith et al 1996 - Low Phe",1996,"WAIS - Full scale","WAIS - Full scale",12,17,96,7.3,11,566,101,9.3,22,-1,-0.53,NA,NA,NA,"Smith et al 1996 - Low Phe",-0.574370041507126,-0.560361016104514,9.3,-0.537634408602151,-0.537634408602151,0.101467326753487,21,0.963855421686747,-0.518201839616531,0.107860973100676,-0.638046561584837,0.490519955616128,-1.86434645062516,0.588253327455482,0
"IQ","Ulrich et al. 1996",1996,"WAIS - Full scale","WAIS - Full scale",13,18,82,14,8,1253,92.2,8.5,8,-1,-1.13,NA,NA,NA,"Ulrich et al. 1996",-0.880735099223745,-0.83269500290245,8.5,-1.2,-1.2,0.464100346020761,7,0.888888888888889,-1.06666666666667,0.545370187290602,-0.638046561584837,0.490519955616128,-1.86434645062516,0.588253327455482,0
"IQ","Weglage et al 2013",2013,"WAIS - Full scale; baseline","WAIS - Full scale",14,19,89.8,20.7,57,810,103.3,16.5,46,-1,-0.81,3,NA,NA,"Weglage et al 2013",-0.71262372768825,-0.707318836415136,16.5,-0.818181818181818,-0.818181818181818,0.0493511356544433,45,0.983240223463687,-0.804469273743017,0.0565419224588502,-0.638046561584837,0.490519955616128,-1.86434645062516,0.588253327455482,0
